MODEL,MAKE,MODEL,VEHICLE CLASS,ENGINE SIZE,CYLINDERS,TRANSMISSION,FUEL,FUEL CONSUMPTION CITY (L/100 km),FUEL CONSUMPTION HWY (L/100 km),FUEL CONSUMPTION COMB (L/100 km),CO2 EMISSIONS
2019,ACURA,ILX,COMPACT,2.4,4,AM8,Z,9.9,7,8.6,199
2019,ACURA,MDX SH-AWD,SUV: SMALL,3.5,6,AS9,Z,12.2,9,10.8,252
2019,ACURA,MDX SH-AWD A-SPEC,SUV: SMALL,3.5,6,AS9,Z,12.2,9.5,11,258
2019,ACURA,MDX HYBRID AWD,SUV: SMALL,3,6,AM7,Z,9.1,9,9,210
2019,ACURA,NSX,TWO-SEATER,3.5,6,AM9,Z,11.1,10.8,11,261
2019,ACURA,RDX AWD,SUV: SMALL,2,4,AS10,Z,11,8.6,9.9,232
2019,ACURA,RDX AWD A-SPEC,SUV: SMALL,2,4,AS10,Z,11.3,9.1,10.3,242
2019,ACURA,RLX HYBRID,MID-SIZE,3.5,6,AM7,Z,8.4,8.2,8.4,196
2019,ACURA,TLX,COMPACT,2.4,4,AM8,Z,10,7.1,8.7,205
2019,ACURA,TLX A-SPEC,COMPACT,2.4,4,AM8,Z,10.2,7.4,8.9,209
2019,ACURA,TLX SH-AWD,COMPACT,3.5,6,AS9,Z,11.4,7.7,9.8,228
2019,ACURA,TLX SH-AWD A-SPEC,COMPACT,3.5,6,AS9,Z,12,8.2,10.3,240
2019,ALFA ROMEO,4C COUPE,TWO-SEATER,1.8,4,AM6,Z,9.7,6.9,8.4,197
2019,ALFA ROMEO,4C SPIDER,TWO-SEATER,1.8,4,AM6,Z,9.7,6.9,8.4,197
2019,ALFA ROMEO,GIULIA,MID-SIZE,2,4,A8,Z,10,7.2,8.7,205
2019,ALFA ROMEO,GIULIA AWD,MID-SIZE,2,4,A8,Z,10.5,7.7,9.2,217
2019,ALFA ROMEO,GIULIA QUADRIFOGLIO,MID-SIZE,2.9,6,A8,Z,13.8,9.6,11.9,280
2019,ALFA ROMEO,STELVIO,SUV: SMALL,2,4,A8,Z,10.3,8.1,9.3,218
2019,ALFA ROMEO,STELVIO AWD,SUV: SMALL,2,4,A8,Z,10.8,8.3,9.6,226
2019,ALFA ROMEO,STELVIO AWD QUADRIFOGLIO,SUV: SMALL,2.9,6,A8,Z,14.1,10.4,12.4,292
2019,ASTON MARTIN,DB11 V8,MINICOMPACT,4,8,A8,Z,13,9.8,11.5,271
2019,ASTON MARTIN,DB11 AMR,MINICOMPACT,5.2,12,A8,Z,15.5,10.6,13.3,312
2019,ASTON MARTIN,DBS SUPERLEGGERA,MINICOMPACT,5.2,12,A8,Z,16.4,10.7,13.8,324
2019,ASTON MARTIN,RAPIDE AMR,SUBCOMPACT,6,12,A8,Z,16.7,10.9,14.1,332
2019,ASTON MARTIN,VANQUISH ZAGATO,MINICOMPACT,6,12,A8,Z,17.5,11.4,14.7,346
2019,ASTON MARTIN,VANTAGE V8,TWO-SEATER,4,8,A8,Z,12.7,9.4,11.2,264
2019,AUDI,A3,SUBCOMPACT,2,4,AM7,X,9.1,6.8,8.1,188
2019,AUDI,A3 QUATTRO,SUBCOMPACT,2,4,AM7,X,10.9,7.9,9.6,225
2019,AUDI,A3 CABRIOLET QUATTRO,SUBCOMPACT,2,4,AM7,X,10.7,7.9,9.5,221
2019,AUDI,A4,COMPACT,2,4,AM7,Z,8.6,6.9,7.8,182
2019,AUDI,A4 QUATTRO,COMPACT,2,4,AM7,Z,10,7,8.7,204
2019,AUDI,A4 ALLROAD QUATTRO,STATION WAGON: SMALL,2,4,AM7,Z,10.7,8,9.5,221
2019,AUDI,A5 QUATTRO,SUBCOMPACT,2,4,AM7,Z,10,7,8.7,204
2019,AUDI,A5 CABRIOLET QUATTRO,SUBCOMPACT,2,4,AM7,Z,10,7,8.7,204
2019,AUDI,A5 SPORTBACK QUATTRO,MID-SIZE,2,4,AM7,Z,10,7,8.7,204
2019,AUDI,A6 QUATTRO,MID-SIZE,3,6,AM7,Z,10.7,8.2,9.6,224
2019,AUDI,A7 QUATTRO,MID-SIZE,3,6,AM7,Z,10.7,8.2,9.6,224
2019,AUDI,A8L,FULL-SIZE,3,6,AS8,Z,12.5,8.6,10.8,202
2019,AUDI,Q3 QUATTRO,SUV: SMALL,2,4,AS8,X,12.3,8.6,10.6,248
2019,AUDI,Q5,SUV: SMALL,2,4,AM7,Z,10.9,8.7,9.9,230
2019,AUDI,Q7,SUV: STANDARD,2,4,AS8,Z,12.2,9.5,11,258
2019,AUDI,Q7,SUV: STANDARD,3,6,AS8,Z,12.6,9.4,11.1,260
2019,AUDI,Q8,SUV: STANDARD,3,6,AS8,Z,14,10.7,12.5,294
2019,AUDI,RS 3,SUBCOMPACT,2.5,5,AM7,Z,12.4,8.4,10.6,247
2019,AUDI,RS 5 COUPE,SUBCOMPACT,2.9,6,AS8,Z,13.3,8.7,11.3,262
2019,AUDI,RS 5 SPORTBACK,SUBCOMPACT,2.9,6,AS8,Z,13.5,9,11.5,268
2019,AUDI,S3,SUBCOMPACT,2,4,AM7,Z,10.7,8,9.5,222
2019,AUDI,S4,COMPACT,3,6,AS8,Z,11.3,8,9.8,230
2019,AUDI,S5,SUBCOMPACT,3,6,AS8,Z,11.3,8,9.8,230
2019,AUDI,S5 CABRIOLET,SUBCOMPACT,3,6,AS8,Z,11.4,8.2,9.9,234
2019,AUDI,S5 SPORTBACK,MID-SIZE,3,6,AS8,Z,11.3,8,9.8,230
2019,AUDI,SQ5,SUV: SMALL,3,6,AS8,Z,12.7,10,11.5,270
2019,AUDI,TT COUPE QUATTRO,SUBCOMPACT,2,4,AM7,X,10.3,7.7,9.2,213
2019,AUDI,TT ROADSTER QUATTRO,TWO-SEATER,2,4,AM7,X,10.3,7.7,9.2,213
2019,AUDI,TT RS COUPE,SUBCOMPACT,2.5,5,AM7,Z,12,8.3,10.3,241
2019,AUDI,TTS COUPE,SUBCOMPACT,2,4,AM7,Z,10.4,8.2,9.4,220
2019,BENTLEY,BENTAYGA,SUV: STANDARD,4,8,AS8,Z,16.4,10.1,13.6,315
2019,BENTLEY,MULSANNE,MID-SIZE,6.8,8,AS8,Z,24.5,14.4,20,465
2019,BMW,230I XDRIVE CABRIOLET,SUBCOMPACT,2,4,AS8,Z,10.2,7.2,8.8,207
2019,BMW,230I XDRIVE COUPE,SUBCOMPACT,2,4,AS8,Z,9.9,7.1,8.6,202
2019,BMW,330I XDRIVE,COMPACT,2,4,AS8,Z,9.5,6.9,8.3,194
2019,BMW,330I XDRIVE GRAN TURISMO,FULL-SIZE,2,4,AS8,Z,10.2,7.2,8.8,207
2019,BMW,330I XDRIVE TOURING,STATION WAGON: SMALL,2,4,AS8,Z,10.2,7.2,8.8,207
2019,BMW,430I XDRIVE CABRIOLET,SUBCOMPACT,2,4,AS8,Z,10.6,7.3,9.1,213
2019,BMW,430I XDRIVE COUPE,COMPACT,2,4,AS8,Z,10.2,7.2,8.8,207
2019,BMW,430I XDRIVE GRAN COUPE,COMPACT,2,4,AS8,Z,10.2,7.2,8.8,207
2019,BMW,440I COUPE,COMPACT,3,6,AS8,Z,11.2,7.3,9.4,227
2019,BMW,440I COUPE,COMPACT,3,6,M6,Z,12.8,8.8,11,256
2019,BMW,440I XDRIVE CABRIOLET,SUBCOMPACT,3,6,AS8,Z,11.8,7.9,10,235
2019,BMW,440I XDRIVE COUPE,COMPACT,3,6,AS8,Z,11.4,7.6,9.7,228
2019,BMW,440I XDRIVE COUPE,COMPACT,3,6,M6,Z,13,8.5,11,256
2019,BMW,440I XDRIVE GRAN COUPE,COMPACT,3,6,AS8,Z,11.4,7.6,9.7,228
2019,BMW,530I XDRIVE,MID-SIZE,2,4,AS8,Z,10.2,7.2,8.8,207
2019,BMW,540I XDRIVE,MID-SIZE,3,6,AS8,Z,11.2,8.1,9.8,231
2019,BMW,640I XDRIVE GRAN COUPE,COMPACT,3,6,AS8,Z,12.3,8.4,10.5,248
2019,BMW,640I XDRIVE GRAN TURISMO,FULL-SIZE,3,6,AS8,Z,11.9,8.4,10.3,241
2019,BMW,650I XDRIVE GRAN COUPE,COMPACT,4.4,8,AS8,Z,14,9.6,12,282
2019,BMW,750I XDRIVE,FULL-SIZE,4.4,8,AS8,Z,13.3,9.2,11.5,269
2019,BMW,750LI XDRIVE,FULL-SIZE,4.4,8,AS8,Z,14,9.6,12,282
2019,BMW,ALPINA B6 XDRIVE GRAN COUPE,COMPACT,4.4,8,AS8,Z,14,9.6,12,282
2019,BMW,ALPINA B7 XDRIVE,FULL-SIZE,4.4,8,AS8,Z,14,9.6,12,282
2019,BMW,M2 COMPETITION,SUBCOMPACT,3,6,AM7,Z,14.3,10.4,12.6,294
2019,BMW,M2 COMPETITION,SUBCOMPACT,3,6,M6,Z,13.4,9.6,11.7,273
2019,BMW,M240I CABRIOLET,SUBCOMPACT,3,6,AS8,Z,11.2,7.8,9.7,227
2019,BMW,M240I CABRIOLET,SUBCOMPACT,3,6,M6,Z,12.8,8.8,11,256
2019,BMW,M240I COUPE,SUBCOMPACT,3,6,AS8,Z,11.2,7.8,9.7,227
2019,BMW,M240I COUPE,SUBCOMPACT,3,6,M6,Z,12.8,8.8,11,256
2019,BMW,M240I COUPE M PERFORMANCE,SUBCOMPACT,3,6,AS8,Z,11.2,7.8,9.7,227
2019,BMW,M240I COUPE M PERFORMANCE,SUBCOMPACT,3,6,M6,Z,12.8,8.8,11,256
2019,BMW,M240I XDRIVE CABRIOLET,SUBCOMPACT,3,6,AS8,Z,11.3,8,9.8,229
2019,BMW,M240I XDRIVE COUPE,SUBCOMPACT,3,6,AS8,Z,11.3,8,9.8,229
2019,BMW,M240I XDRIVE COUPE M PERFORMANCE,SUBCOMPACT,3,6,AS8,Z,11.3,8,9.8,229
2019,BMW,M4 CABRIOLET,SUBCOMPACT,3,6,AM7,Z,14.5,10.5,12.7,299
2019,BMW,M4 CABRIOLET,SUBCOMPACT,3,6,M6,Z,13.8,9.4,11.9,280
2019,BMW,M4 CABRIOLET COMPETITION,SUBCOMPACT,3,6,AM7,Z,14.5,10.5,12.7,299
2019,BMW,M4 CABRIOLET COMPETITION,SUBCOMPACT,3,6,M6,Z,13.8,9.4,11.9,280
2019,BMW,M4 COUPE,COMPACT,3,6,AM7,Z,14.3,10.4,12.6,294
2019,BMW,M4 COUPE,COMPACT,3,6,M6,Z,13.4,9.6,11.7,273
2019,BMW,M4 COUPE COMPETITION,COMPACT,3,6,AM7,Z,14.3,10.4,12.6,294
2019,BMW,M4 COUPE COMPETITION,COMPACT,3,6,M6,Z,13.4,9.6,11.7,273
2019,BMW,M4 CS,COMPACT,3,6,AM7,Z,14.3,10.4,12.6,294
2019,BMW,M5,MID-SIZE,4.4,8,AS8,Z,16,11.2,13.9,324
2019,BMW,M5 COMPETITION,MID-SIZE,4.4,8,AS8,Z,16,11.2,13.9,324
2019,BMW,M550I XDRIVE,MID-SIZE,4.4,8,AS8,Z,13.3,9.2,11.5,269
2019,BMW,M6 GRAN COUPE,COMPACT,4.4,8,AM7,Z,17.3,11.6,14.7,344
2019,BMW,M760LI XDRIVE,FULL-SIZE,6.6,12,AS8,Z,17.7,11.9,15.1,355
2019,BMW,M850I XDRIVE CABRIOLET,SUBCOMPACT,4.4,8,AS8,Z,13.5,9.2,11.6,270
2019,BMW,M850I XDRIVE COUPE,SUBCOMPACT,4.4,8,AS8,Z,13.3,9.2,11.5,269
2019,BMW,X1 XDRIVE28I,SUV: SMALL,2,4,AS8,Z,10.7,7.5,9.3,217
2019,BMW,X2 XDRIVE28I,SUV: SMALL,2,4,AS8,Z,11,7.7,9.5,222
2019,BMW,X3 XDRIVE30I,SUV: SMALL,2,4,AS8,Z,10.8,8,9.6,223
2019,BMW,X3 M40I,SUV: SMALL,3,6,AS8,Z,11.9,8.7,10.4,245
2019,BMW,X4 XDRIVE30I,SUV: SMALL,2,4,AS8,Z,10.8,8,9.6,223
2019,BMW,X4 M40I,SUV: SMALL,3,6,AS8,Z,11.9,8.7,10.4,245
2019,BMW,X5 XDRIVE40I,SUV: STANDARD,3,6,AS8,Z,11.7,9.1,10.5,245
2019,BMW,X5 XDRIVE50I,SUV: STANDARD,4.4,8,AS8,Z,15.3,11.1,13.4,314
2019,BMW,X6 XDRIVE35I,SUV: STANDARD,3,6,AS8,Z,13,9.9,11.6,272
2019,BMW,X6 XDRIVE50I,SUV: STANDARD,4.4,8,AS8,Z,14.3,10.6,12.6,294
2019,BMW,X6 M,SUV: STANDARD,4.4,8,AS8,Z,16.6,12.1,14.6,341
2019,BMW,X7 XDRIVE40I,SUV: STANDARD,3,6,AS8,Z,12,9.4,10.8,254
2019,BMW,X7 XDRIVE50I,SUV: STANDARD,4.4,8,AS8,Z,14.3,10.6,12.6,294
2019,BUGATTI,CHIRON,TWO-SEATER,8,16,AM7,Z,26.8,16.6,22.2,522
2019,BUICK,ENCLAVE,SUV: STANDARD,3.6,6,A9,X,13,9.1,11.2,263
2019,BUICK,ENCLAVE AWD,SUV: STANDARD,3.6,6,A9,X,13.8,9.5,11.9,278
2019,BUICK,ENCORE,SUV: SMALL,1.4,4,AS6,X,9.4,7.8,8.7,204
2019,BUICK,ENCORE (SIDI WITH STOP/START),SUV: SMALL,1.4,4,AS6,X,8.9,7.5,8.3,194
2019,BUICK,ENCORE AWD,SUV: SMALL,1.4,4,AS6,X,9.9,8.1,9.1,214
2019,BUICK,ENCORE AWD (SIDI WITH STOP/START),SUV: SMALL,1.4,4,AS6,X,9.4,7.9,8.8,205
2019,BUICK,ENVISION AWD,SUV: SMALL,2,4,A9,Z,11.7,9.4,10.7,249
2019,BUICK,ENVISION AWD,SUV: SMALL,2.5,4,A6,X,11.1,8.6,10,234
2019,BUICK,LACROSSE,MID-SIZE,3.6,6,AS9,X,11.7,7.8,9.9,233
2019,BUICK,LACROSSE EASSIST,MID-SIZE,2.5,4,AS6,X,9.4,6.8,8.2,192
2019,BUICK,LACROSSE AWD,MID-SIZE,3.6,6,AS9,X,11.7,8.2,10.1,238
2019,BUICK,REGAL,MID-SIZE,2,4,AS9,Z,10.6,7.4,9.1,214
2019,BUICK,REGAL AWD,MID-SIZE,2,4,AS8,Z,11,8,9.6,227
2019,BUICK,REGAL AWD,MID-SIZE,3.6,6,AS9,X,12.4,8.7,10.7,251
2019,CADILLAC,CT6 AWD,FULL-SIZE,3,6,AS10,Z,13.1,9.1,11.3,267
2019,CADILLAC,CT6 AWD,FULL-SIZE,3.6,6,AS10,X,13,8.8,11.1,261
2019,CADILLAC,CT6 AWD,FULL-SIZE,4.2,8,AS10,Z,17.3,9.5,13.8,324
2019,CADILLAC,CTS,MID-SIZE,2,4,AS8,Z,11,7.8,9.5,222
2019,CADILLAC,CTS,MID-SIZE,3.6,6,AS8,X,12.3,8.2,10.5,246
2019,CADILLAC,CTS AWD,MID-SIZE,2,4,AS8,Z,11.4,8.1,9.9,232
2019,CADILLAC,CTS AWD,MID-SIZE,3.6,6,AS8,X,13.3,9.2,11.5,269
2019,CADILLAC,CTS VSPORT,MID-SIZE,3.6,6,AS8,Z,15,9.9,12.7,298
2019,CADILLAC,CTS-V,MID-SIZE,6.2,8,AS8,Z,17.1,11,14.3,337
2019,CADILLAC,ESCALADE 4WD,SUV: STANDARD,6.2,8,A10,Z,16.6,10.9,14,328
2019,CADILLAC,XT4,SUV: SMALL,2,4,AS9,Z,9.8,7.8,8.9,209
2019,CADILLAC,XT4 AWD,SUV: SMALL,2,4,AS9,Z,10.9,8.2,9.7,227
2019,CADILLAC,XT5,SUV: SMALL,3.6,6,AS8,X,12.1,8.9,10.6,250
2019,CADILLAC,XT5 AWD,SUV: SMALL,3.6,6,AS8,X,12.8,9.3,11.2,263
2019,CADILLAC,XTS,FULL-SIZE,3.6,6,AS6,X,12.9,8.7,11,259
2019,CADILLAC,XTS AWD,FULL-SIZE,3.6,6,AS6,X,13.7,9,11.6,272
2019,CADILLAC,XTS VSPORT AWD,FULL-SIZE,3.6,6,AS6,Z,15,10.1,12.8,302
2019,CHEVROLET,BLAZER,SUV: SMALL,2.5,4,A9,X,10.8,8.8,9.9,232
2019,CHEVROLET,BLAZER,SUV: SMALL,3.6,6,A9,X,12,9,10.6,250
2019,CHEVROLET,BLAZER AWD,SUV: SMALL,3.6,6,A9,X,12.7,9.5,11.3,265
2019,CHEVROLET,CAMARO,SUBCOMPACT,2,4,AS8,Z,10.8,7.7,9.4,220
2019,CHEVROLET,CAMARO,SUBCOMPACT,2,4,M6,Z,11.9,7.9,10.1,235
2019,CHEVROLET,CAMARO,SUBCOMPACT,3.6,6,AS8,X,12.3,8.2,10.4,246
2019,CHEVROLET,CAMARO,SUBCOMPACT,3.6,6,M6,X,14.3,8.8,11.8,277
2019,CHEVROLET,CAMARO SS,SUBCOMPACT,6.2,8,AS10,Z,14.5,8.8,12,279
2019,CHEVROLET,CAMARO SS,SUBCOMPACT,6.2,8,M6,Z,14.9,9.9,12.6,297
2019,CHEVROLET,CAMARO ZL1,SUBCOMPACT,6.2,8,AS10,Z,18.3,11.2,15.1,355
2019,CHEVROLET,CAMARO ZL1,SUBCOMPACT,6.2,8,M6,Z,17.2,12,14.9,349
2019,CHEVROLET,COLORADO,PICKUP TRUCK: SMALL,2.5,4,A6,X,12.1,9.2,10.8,253
2019,CHEVROLET,COLORADO,PICKUP TRUCK: SMALL,2.5,4,M6,X,11.9,9.2,10.7,251
2019,CHEVROLET,COLORADO,PICKUP TRUCK: SMALL,2.8,4,A6,D,11.8,7.9,10.1,270
2019,CHEVROLET,COLORADO,PICKUP TRUCK: SMALL,3.6,6,A8,X,13.4,9.6,11.7,274
2019,CHEVROLET,COLORADO 4WD,PICKUP TRUCK: SMALL,2.5,4,A6,X,12.7,9.8,11.4,267
2019,CHEVROLET,COLORADO 4WD,PICKUP TRUCK: SMALL,2.8,4,A6,D,12.2,8.4,10.5,283
2019,CHEVROLET,COLORADO 4WD,PICKUP TRUCK: SMALL,3.6,6,A8,X,14,9.9,12.2,286
2019,CHEVROLET,COLORADO ZR2 4WD,PICKUP TRUCK: SMALL,2.8,4,A6,D,13.3,10.6,12.1,326
2019,CHEVROLET,COLORADO ZR2 4WD,PICKUP TRUCK: SMALL,3.6,6,A8,X,15,13,14.1,331
2019,CHEVROLET,CORVETTE,TWO-SEATER,6.2,8,AS8,Z,15.6,9.2,12.7,299
2019,CHEVROLET,CORVETTE,TWO-SEATER,6.2,8,M7,Z,14.6,9.3,12.2,286
2019,CHEVROLET,CORVETTE Z06,TWO-SEATER,6.2,8,AS8,Z,17.2,10.1,14,331
2019,CHEVROLET,CORVETTE Z06,TWO-SEATER,6.2,8,M7,Z,15.9,10.6,13.5,318
2019,CHEVROLET,CORVETTE ZR1,TWO-SEATER,6.2,8,AS8,Z,19.5,12,16.1,381
2019,CHEVROLET,CORVETTE ZR1,TWO-SEATER,6.2,8,M7,Z,18.2,12.5,15.6,368
2019,CHEVROLET,CRUZE,COMPACT,1.4,4,AS6,X,8.3,6.2,7.3,172
2019,CHEVROLET,CRUZE PREMIER,COMPACT,1.4,4,AS6,X,8.3,6.2,7.3,172
2019,CHEVROLET,CRUZE DIESEL,COMPACT,1.6,4,A9,D,7.6,4.9,6.4,172
2019,CHEVROLET,CRUZE HATCHBACK,MID-SIZE,1.4,4,AS6,X,8.3,6.2,7.3,172
2019,CHEVROLET,CRUZE HATCHBACK PREMIER,MID-SIZE,1.4,4,AS6,X,8.5,6.4,7.5,175
2019,CHEVROLET,CRUZE HATCHBACK DIESEL,MID-SIZE,1.6,4,A9,D,7.8,5.2,6.6,178
2019,CHEVROLET,EQUINOX,SUV: SMALL,1.5,4,A6,X,9.2,7.3,8.3,196
2019,CHEVROLET,EQUINOX,SUV: SMALL,1.6,4,A6,D,8.5,6,7.4,199
2019,CHEVROLET,EQUINOX AWD,SUV: SMALL,1.5,4,A6,X,9.3,7.8,8.6,207
2019,CHEVROLET,EQUINOX AWD,SUV: SMALL,1.6,4,A6,D,8.5,6.1,7.4,199
2019,CHEVROLET,EQUINOX AWD,SUV: SMALL,2,4,A9,Z,10.9,8.3,9.7,228
2019,CHEVROLET,IMPALA,FULL-SIZE,2.5,4,AS6,X,10.8,8,9.6,225
2019,CHEVROLET,IMPALA,FULL-SIZE,3.6,6,AS6,X,12.7,8.5,10.8,254
2019,CHEVROLET,IMPALA,FULL-SIZE,3.6,6,AS6,E,17.2,11.6,14.6,245
2019,CHEVROLET,MALIBU,MID-SIZE,1.5,4,AV,X,8.2,6.6,7.5,174
2019,CHEVROLET,MALIBU,MID-SIZE,2,4,A9,Z,10.5,7.4,9.1,214
2019,CHEVROLET,MALIBU HYBRID,MID-SIZE,1.8,4,AV,X,4.8,5.5,5.1,121
2019,CHEVROLET,SILVERADO,PICKUP TRUCK: STANDARD,2.7,4,A8,X,11.9,10.3,11.1,261
2019,CHEVROLET,SILVERADO,PICKUP TRUCK: STANDARD,4.3,6,A6,X,15.1,11.5,13.5,316
2019,CHEVROLET,SILVERADO,PICKUP TRUCK: STANDARD,5.3,8,A6,X,15.9,11.4,13.9,326
2019,CHEVROLET,SILVERADO FFV,PICKUP TRUCK: STANDARD,5.3,8,A6,X,15.7,11.9,14,329
2019,CHEVROLET,SILVERADO FFV,PICKUP TRUCK: STANDARD,5.3,8,A6,E,21.1,15,18.4,306
2019,CHEVROLET,SILVERADO,PICKUP TRUCK: STANDARD,5.3,8,A8,X,14.1,10.2,12.4,290
2019,CHEVROLET,SILVERADO 4WD,PICKUP TRUCK: STANDARD,2.7,4,A8,X,12.5,10.8,11.7,275
2019,CHEVROLET,SILVERADO 4WD,PICKUP TRUCK: STANDARD,4.3,6,A6,X,15.8,11.9,14,329
2019,CHEVROLET,SILVERADO 4WD TRAIL BOSS,PICKUP TRUCK: STANDARD,4.3,6,A6,X,16.3,12.9,14.8,347
2019,CHEVROLET,SILVERADO 4WD,PICKUP TRUCK: STANDARD,5.3,8,A6,X,15.9,11.7,14,329
2019,CHEVROLET,SILVERADO 4WD FFV,PICKUP TRUCK: STANDARD,5.3,8,A6,X,16.1,12.5,14.4,339
2019,CHEVROLET,SILVERADO 4WD FFV,PICKUP TRUCK: STANDARD,5.3,8,A6,E,22,16.1,19.3,322
2019,CHEVROLET,SILVERADO 4WD TRAIL BOSS,PICKUP TRUCK: STANDARD,5.3,8,A6,X,16.5,13,14.9,350
2019,CHEVROLET,SILVERADO 4WD,PICKUP TRUCK: STANDARD,5.3,8,A8,X,14.9,10.8,13.1,306
2019,CHEVROLET,SILVERADO 4WD TRAIL BOSS,PICKUP TRUCK: STANDARD,5.3,8,A8,X,15.3,11.8,13.7,320
2019,CHEVROLET,SILVERADO 4WD,PICKUP TRUCK: STANDARD,6.2,8,A10,Z,15,12,13.7,321
2019,CHEVROLET,SILVERADO LD,PICKUP TRUCK: STANDARD,5.3,8,A6,X,15.6,10.9,13.5,317
2019,CHEVROLET,SILVERADO LD 4WD,PICKUP TRUCK: STANDARD,5.3,8,A6,X,15.8,11.4,13.8,325
2019,CHEVROLET,SPARK,SUBCOMPACT,1.4,4,AV,X,7.9,6.2,7.1,167
2019,CHEVROLET,SPARK,SUBCOMPACT,1.4,4,M5,X,8,6.2,7.2,170
2019,CHEVROLET,SUBURBAN,SUV: STANDARD,5.3,8,A6,X,15.7,10.5,13.4,314
2019,CHEVROLET,SUBURBAN FFV,SUV: STANDARD,5.3,8,A6,X,15.7,10.5,13.4,314
2019,CHEVROLET,SUBURBAN FFV,SUV: STANDARD,5.3,8,A6,E,21.2,13.9,17.9,298
2019,CHEVROLET,SUBURBAN 4WD,SUV: STANDARD,5.3,8,A6,X,16.8,11.3,14.3,336
2019,CHEVROLET,SUBURBAN 4WD FFV,SUV: STANDARD,5.3,8,A6,X,16.8,11.3,14.3,336
2019,CHEVROLET,SUBURBAN 4WD FFV,SUV: STANDARD,5.3,8,A6,E,22.2,15.2,19,317
2019,CHEVROLET,SUBURBAN 4WD,SUV: STANDARD,6.2,8,A10,Z,17.1,11.3,14.5,340
2019,CHEVROLET,TAHOE,SUV: STANDARD,5.3,8,A6,X,15.7,10.5,13.4,314
2019,CHEVROLET,TAHOE FFV,SUV: STANDARD,5.3,8,A6,X,15.7,10.5,13.4,314
2019,CHEVROLET,TAHOE FFV,SUV: STANDARD,5.3,8,A6,E,21.2,13.9,17.9,298
2019,CHEVROLET,TAHOE 4WD,SUV: STANDARD,5.3,8,A6,X,15.8,11.1,13.7,321
2019,CHEVROLET,TAHOE 4WD FFV,SUV: STANDARD,5.3,8,A6,X,15.8,11.1,13.7,321
2019,CHEVROLET,TAHOE 4WD FFV,SUV: STANDARD,5.3,8,A6,E,21.7,14.3,18.4,305
2019,CHEVROLET,TAHOE 4WD,SUV: STANDARD,6.2,8,A10,Z,16.4,10.7,13.8,325
2019,CHEVROLET,TRAVERSE,SUV: STANDARD,3.6,6,A9,X,13,8.8,11.1,261
2019,CHEVROLET,TRAVERSE AWD,SUV: STANDARD,3.6,6,A9,X,13.7,9.5,11.8,277
2019,CHEVROLET,TRAX,SUV: SMALL,1.4,4,AS6,X,9.1,7.6,8.4,196
2019,CHEVROLET,TRAX,SUV: SMALL,1.4,4,M6,X,9.4,6.9,8.3,194
2019,CHEVROLET,TRAX 4WD,SUV: SMALL,1.4,4,AS6,X,9.9,8.1,9.1,214
2019,CHRYSLER,300,FULL-SIZE,3.6,6,A8,X,12.4,7.8,10.3,242
2019,CHRYSLER,300 FFV,FULL-SIZE,3.6,6,A8,X,12.4,7.8,10.3,242
2019,CHRYSLER,300 FFV,FULL-SIZE,3.6,6,A8,E,17.1,10.6,14.2,234
2019,CHRYSLER,300,FULL-SIZE,5.7,8,A8,X,14.7,9.4,12.3,289
2019,CHRYSLER,300 AWD,FULL-SIZE,3.6,6,A8,X,12.8,8.7,11,258
2019,CHRYSLER,300 AWD FFV,FULL-SIZE,3.6,6,A8,X,12.8,8.7,11,258
2019,CHRYSLER,300 AWD FFV,FULL-SIZE,3.6,6,A8,E,17.6,12,15,248
2019,CHRYSLER,PACIFICA,MINIVAN,3.6,6,A9,X,12.9,8.4,10.9,259
2019,CHRYSLER,PACIFICA (STOP-START),MINIVAN,3.6,6,A9,X,12.4,8.4,10.6,249
2019,DODGE,CHALLENGER,MID-SIZE,3.6,6,A8,X,12.4,7.8,10.3,242
2019,DODGE,CHALLENGER,MID-SIZE,5.7,8,M6,Z,15.6,10.1,13.1,307
2019,DODGE,CHALLENGER,MID-SIZE,6.4,8,M6,Z,16.7,10.4,13.9,325
2019,DODGE,CHALLENGER (MDS),MID-SIZE,5.7,8,A8,X,14.7,9.4,12.3,289
2019,DODGE,CHALLENGER (MDS),MID-SIZE,6.4,8,A8,Z,15.8,9.6,13,304
2019,DODGE,CHALLENGER GT AWD,MID-SIZE,3.6,6,A8,X,12.8,8.7,11,258
2019,DODGE,CHALLENGER SRT HELLCAT,MID-SIZE,6.2,8,A8,Z,17.6,10.7,14.5,339
2019,DODGE,CHALLENGER SRT HELLCAT,MID-SIZE,6.2,8,M6,Z,18.1,11.4,15.1,352
2019,DODGE,CHALLENGER SRT HELLCAT REDEYE,MID-SIZE,6.2,8,A8,Z,17.6,10.7,14.5,339
2019,DODGE,CHARGER,FULL-SIZE,3.6,6,A5,X,13.7,9,11.6,271
2019,DODGE,CHARGER FFV,FULL-SIZE,3.6,6,A5,X,13.7,9,11.6,271
2019,DODGE,CHARGER FFV,FULL-SIZE,3.6,6,A5,E,18.9,12.7,16.1,268
2019,DODGE,CHARGER,FULL-SIZE,3.6,6,A8,X,12.4,7.8,10.3,242
2019,DODGE,CHARGER FFV,FULL-SIZE,3.6,6,A8,X,12.4,7.8,10.3,242
2019,DODGE,CHARGER FFV,FULL-SIZE,3.6,6,A8,E,17.1,10.6,14.2,234
2019,DODGE,CHARGER (MDS),FULL-SIZE,5.7,8,A5,X,15.6,9.7,12.9,302
2019,DODGE,CHARGER (MDS),FULL-SIZE,5.7,8,A8,X,14.7,9.4,12.3,289
2019,DODGE,CHARGER (MDS),FULL-SIZE,6.4,8,A8,Z,15.8,9.6,13,304
2019,DODGE,CHARGER AWD,FULL-SIZE,3.6,6,A8,X,12.8,8.7,11,258
2019,DODGE,CHARGER AWD FFV,FULL-SIZE,3.6,6,A8,X,12.8,8.7,11,258
2019,DODGE,CHARGER AWD FFV,FULL-SIZE,3.6,6,A8,E,17.6,12,15,248
2019,DODGE,CHARGER AWD (MDS),FULL-SIZE,5.7,8,A5,X,16,10.1,13.3,312
2019,DODGE,CHARGER SRT HELLCAT,FULL-SIZE,6.2,8,A8,Z,17.6,10.7,14.5,339
2019,DODGE,DURANGO AWD,SUV: STANDARD,3.6,6,A8,X,12.7,9.6,11.3,265
2019,DODGE,DURANGO AWD,SUV: STANDARD,5.7,8,A8,X,16.7,10.9,14.1,331
2019,DODGE,DURANGO AWD SRT,SUV: STANDARD,6.4,8,A8,Z,18.3,12.2,15.6,363
2019,DODGE,GRAND CARAVAN FFV,MINIVAN,3.6,6,A6,X,13.7,9.4,11.8,276
2019,DODGE,GRAND CARAVAN FFV,MINIVAN,3.6,6,A6,E,19.4,13.3,16.7,274
2019,DODGE,JOURNEY,SUV: SMALL,2.4,4,A4,X,12.7,9.2,11.1,261
2019,DODGE,JOURNEY FFV,SUV: SMALL,3.6,6,A6,X,14.2,9.5,12.1,284
2019,DODGE,JOURNEY FFV,SUV: SMALL,3.6,6,A6,E,19.1,13.2,16.4,274
2019,DODGE,JOURNEY AWD,SUV: SMALL,3.6,6,A6,X,14.5,10,12.4,292
2019,FIAT,124 SPIDER,TWO-SEATER,1.4,4,A6,X,9.3,6.5,8,187
2019,FIAT,124 SPIDER,TWO-SEATER,1.4,4,M6,X,9,6.7,7.9,185
2019,FIAT,500,MINICOMPACT,1.4,4,A6,X,9.7,7.4,8.7,203
2019,FIAT,500,MINICOMPACT,1.4,4,M5,X,8.5,7.1,7.9,186
2019,FIAT,500L,STATION WAGON: SMALL,1.4,4,A6,X,10.7,7.9,9.4,221
2019,FIAT,500X AWD,SUV: SMALL,1.3,4,A9,X,10,7.9,9.1,213
2019,FORD,ECOSPORT,SUV: SMALL,1,3,AS6,X,8.6,8.1,8.4,196
2019,FORD,ECOSPORT AWD,SUV: SMALL,2,4,AS6,X,10.2,8,9.3,218
2019,FORD,EDGE,SUV: SMALL,2,4,AS8,X,10.9,8,9.6,224
2019,FORD,EDGE AWD,SUV: SMALL,2,4,AS8,X,11.4,8.3,10,233
2019,FORD,EDGE AWD,SUV: SMALL,2.7,6,AS8,X,12.6,9.2,11,259
2019,FORD,ESCAPE,SUV: SMALL,1.5,4,AS6,X,10.2,7.8,9.1,214
2019,FORD,ESCAPE FFV,SUV: SMALL,2.5,4,AS6,X,11,8,9.6,226
2019,FORD,ESCAPE FFV,SUV: SMALL,2.5,4,AS6,E,15,10.8,13.1,218
2019,FORD,ESCAPE AWD,SUV: SMALL,1.5,4,AS6,X,11.2,8.4,9.9,232
2019,FORD,ESCAPE AWD,SUV: SMALL,2,4,AS6,X,11.5,8.7,10.2,239
2019,FORD,EXPEDITION 4X4,SUV: STANDARD,3.5,6,AS10,X,14.1,10.6,12.5,293
2019,FORD,EXPEDITION MAX 4X4,SUV: STANDARD,3.5,6,AS10,X,14.7,11.2,13.1,307
2019,FORD,EXPLORER AWD,SUV: STANDARD,2.3,4,AS6,X,13.1,9.2,11.4,267
2019,FORD,EXPLORER AWD,SUV: STANDARD,3.5,6,AS6,X,15.2,10.9,13.2,311
2019,FORD,EXPLORER FFV AWD,SUV: STANDARD,3.5,6,AS6,X,14.5,10.6,12.7,299
2019,FORD,EXPLORER FFV AWD,SUV: STANDARD,3.5,6,AS6,E,19.8,14.3,17.3,288
2019,FORD,F-150,PICKUP TRUCK: STANDARD,2.7,6,AS10,X,12,9,10.6,249
2019,FORD,F-150 (LT TIRE PKG),PICKUP TRUCK: STANDARD,2.7,6,AS10,X,12.4,9.4,11.1,260
2019,FORD,F-150 (PAYLOAD PKG),PICKUP TRUCK: STANDARD,2.7,6,AS10,X,12.4,9.4,11.1,260
2019,FORD,F-150,PICKUP TRUCK: STANDARD,3,6,AS10,D,10.8,8,9.5,256
2019,FORD,F-150 (LT TIRE PKG),PICKUP TRUCK: STANDARD,3,6,AS10,D,10.8,8.4,9.7,260
2019,FORD,F-150 FFV,PICKUP TRUCK: STANDARD,3.3,6,AS6,X,12.2,9.3,10.9,256
2019,FORD,F-150 FFV,PICKUP TRUCK: STANDARD,3.3,6,AS6,E,16.7,12.6,14.9,247
2019,FORD,F-150 FFV (LT TIRE PKG),PICKUP TRUCK: STANDARD,3.3,6,AS6,X,12.4,9.8,11.2,263
2019,FORD,F-150 FFV (LT TIRE PKG),PICKUP TRUCK: STANDARD,3.3,6,AS6,E,16.7,12.6,14.9,247
2019,FORD,F-150,PICKUP TRUCK: STANDARD,3.5,6,AS10,X,13.5,10.1,12,281
2019,FORD,F-150 (LT TIRE PKG),PICKUP TRUCK: STANDARD,3.5,6,AS10,X,13.8,10.7,12.4,291
2019,FORD,F-150 (PAYLOAD PKG),PICKUP TRUCK: STANDARD,3.5,6,AS10,X,13.9,11.2,12.7,298
2019,FORD,F-150 FFV,PICKUP TRUCK: STANDARD,5,8,AS10,X,13.9,10.2,12.2,287
2019,FORD,F-150 FFV,PICKUP TRUCK: STANDARD,5,8,AS10,E,20.3,14,17.4,290
2019,FORD,F-150 FFV (LT TIRE PKG),PICKUP TRUCK: STANDARD,5,8,AS10,X,14.7,11.2,13.1,308
2019,FORD,F-150 FFV (LT TIRE PKG),PICKUP TRUCK: STANDARD,5,8,AS10,E,20.3,14,17.5,290
2019,FORD,F-150 FFV (PAYLOAD PKG),PICKUP TRUCK: STANDARD,5,8,AS10,X,15.6,11.8,13.9,326
2019,FORD,F-150 FFV (PAYLOAD PKG),PICKUP TRUCK: STANDARD,5,8,AS10,E,20.4,14,17.5,291
2019,FORD,F-150 4X4,PICKUP TRUCK: STANDARD,2.7,6,AS10,X,12.7,9.8,11.4,268
2019,FORD,F-150 4X4 (LT TIRE PKG),PICKUP TRUCK: STANDARD,2.7,6,AS10,X,13.1,10.2,11.8,277
2019,FORD,F-150 4X4 (PAYLOAD PKG),PICKUP TRUCK: STANDARD,2.7,6,AS10,X,13.1,10.2,11.8,277
2019,FORD,F-150 4X4,PICKUP TRUCK: STANDARD,3,6,AS10,D,11.8,9.3,10.7,287
2019,FORD,F-150 4X4 (LT TIRE PKG),PICKUP TRUCK: STANDARD,3,6,AS10,D,11.8,9.3,10.7,287
2019,FORD,F-150 4X4 XL/XLT,PICKUP TRUCK: STANDARD,3,6,AS10,D,11.2,8.3,9.9,266
2019,FORD,F-150 FFV 4X4,PICKUP TRUCK: STANDARD,3.3,6,AS6,X,12.8,10.2,11.6,273
2019,FORD,F-150 FFV 4X4,PICKUP TRUCK: STANDARD,3.3,6,AS6,E,17.5,13.8,15.8,263
2019,FORD,F-150 FFV 4X4 (LT TIRE PKG),PICKUP TRUCK: STANDARD,3.3,6,AS6,X,13.8,10.7,12.4,291
2019,FORD,F-150 FFV 4X4 (LT TIRE PKG),PICKUP TRUCK: STANDARD,3.3,6,AS6,E,17.5,13.7,15.8,263
2019,FORD,F-150 4X4,PICKUP TRUCK: STANDARD,3.5,6,AS10,X,14.3,10.5,12.5,295
2019,FORD,F-150 4X4 (LT TIRE PKG),PICKUP TRUCK: STANDARD,3.5,6,AS10,X,14.7,10.7,12.9,303
2019,FORD,F-150 4X4 (PAYLOAD PKG),PICKUP TRUCK: STANDARD,3.5,6,AS10,X,14.7,11.2,13.1,308
2019,FORD,F-150 4X4 LIMITED,PICKUP TRUCK: STANDARD,3.5,6,AS10,X,13.8,11.2,12.6,296
2019,FORD,F-150 FFV 4X4,PICKUP TRUCK: STANDARD,5,8,AS10,X,15.1,11,13.3,312
2019,FORD,F-150 FFV 4X4,PICKUP TRUCK: STANDARD,5,8,AS10,E,20,15.6,18,300
2019,FORD,F-150 FFV 4X4 (LT TIRE PKG),PICKUP TRUCK: STANDARD,5,8,AS10,X,15.7,11.8,13.9,326
2019,FORD,F-150 FFV 4X4 (LT TIRE PKG),PICKUP TRUCK: STANDARD,5,8,AS10,E,20,15.6,18,300
2019,FORD,F-150 FFV 4X4 (PAYLOAD PKG),PICKUP TRUCK: STANDARD,5,8,AS10,X,16.8,12.4,14.8,347
2019,FORD,F-150 FFV 4X4 (PAYLOAD PKG),PICKUP TRUCK: STANDARD,5,8,AS10,E,21.3,17.2,19.5,323
2019,FORD,F-150 RAPTOR 4X4,PICKUP TRUCK: STANDARD,3.5,6,AS10,X,15.3,13.1,14.3,336
2019,FORD,FLEX,SUV: STANDARD,3.5,6,AS6,X,14.7,10.2,12.7,298
2019,FORD,FLEX AWD,SUV: STANDARD,3.5,6,AS6,X,14.7,10.7,12.9,303
2019,FORD,FLEX AWD GTDI,SUV: STANDARD,3.5,6,AS6,X,15.7,11.2,13.7,322
2019,FORD,FIESTA,SUBCOMPACT,1.6,4,AM6,X,8.6,6.4,7.6,178
2019,FORD,FIESTA,SUBCOMPACT,1.6,4,M5,X,8.8,6.8,7.9,184
2019,FORD,FIESTA ST,SUBCOMPACT,1.6,4,M6,X,9.2,7.4,8.4,196
2019,FORD,FUSION,MID-SIZE,1.5,4,AS6,X,10,7,8.7,204
2019,FORD,FUSION HYBRID,MID-SIZE,2,4,AV,X,5.5,5.6,5.6,131
2019,FORD,GT,TWO-SEATER,3.5,6,AM7,Z,20.4,13.1,17.1,402
2019,FORD,MUSTANG,SUBCOMPACT,2.3,4,AS10,X,11.2,7.3,9.4,221
2019,FORD,MUSTANG (PERFORMANCE PKG),SUBCOMPACT,2.3,4,AS10,X,11.8,8.4,10.3,242
2019,FORD,MUSTANG,SUBCOMPACT,2.3,4,M6,X,11.2,7.9,9.7,227
2019,FORD,MUSTANG (PERFORMANCE PKG),SUBCOMPACT,2.3,4,M6,X,11.8,8.7,10.4,244
2019,FORD,MUSTANG,SUBCOMPACT,5,8,AS10,X,15,9.1,12.3,289
2019,FORD,MUSTANG,SUBCOMPACT,5,8,M6,X,16.1,9.9,13.3,311
2019,FORD,MUSTANG BULLITT,SUBCOMPACT,5,8,M6,X,16.1,9.9,13.3,311
2019,FORD,MUSTANG CONVERTIBLE,SUBCOMPACT,2.3,4,AS10,X,11.9,8.4,10.4,243
2019,FORD,MUSTANG CONVERTIBLE,SUBCOMPACT,2.3,4,M6,X,11.8,8.4,10.3,241
2019,FORD,MUSTANG CONVERTIBLE,SUBCOMPACT,5,8,AS10,X,15.4,9.7,12.9,302
2019,FORD,RANGER 4WD,PICKUP TRUCK: STANDARD,2.3,4,AS10,X,11.8,9.8,10.9,256
2019,FORD,SHELBY GT350 MUSTANG,SUBCOMPACT,5.2,8,M6,Z,17.2,11.3,14.6,341
2019,FORD,T-150 WAGON,VAN: PASSENGER,3.5,6,AS6,X,16.2,12.8,14.7,346
2019,FORD,T-150 WAGON,VAN: PASSENGER,3.7,6,AS6,X,16.9,13.1,15.2,355
2019,FORD,TAURUS FFV,FULL-SIZE,3.5,6,AS6,X,13.5,9,11.5,270
2019,FORD,TAURUS FFV,FULL-SIZE,3.5,6,AS6,E,17.8,12.1,15.2,254
2019,FORD,TAURUS AWD,FULL-SIZE,3.5,6,AS6,X,14.6,10,12.5,294
2019,FORD,TAURUS FFV AWD,FULL-SIZE,3.5,6,AS6,X,14,9.9,12.4,291
2019,FORD,TAURUS FFV AWD,FULL-SIZE,3.5,6,AS6,E,18.5,13,16,267
2019,FORD,TRANSIT CONNECT VAN,SPECIAL PURPOSE VEHICLE,2,4,AS8,X,9.8,8.8,9.3,219
2019,FORD,TRANSIT CONNECT VAN FFV,SPECIAL PURPOSE VEHICLE,2,4,AS8,X,9.8,8.8,9.3,219
2019,FORD,TRANSIT CONNECT VAN FFV,SPECIAL PURPOSE VEHICLE,2,4,AS8,E,13.3,11.8,12.6,209
2019,FORD,TRANSIT CONNECT VAN,SPECIAL PURPOSE VEHICLE,2.5,4,AS6,X,12,8.8,10.6,247
2019,FORD,TRANSIT CONNECT WAGON LWB,SPECIAL PURPOSE VEHICLE,2,4,AS8,X,9.9,8.2,9.2,214
2019,FORD,TRANSIT CONNECT WAGON LWB FFV,SPECIAL PURPOSE VEHICLE,2,4,AS8,X,9.9,8.2,9.2,214
2019,FORD,TRANSIT CONNECT WAGON LWB FFV,SPECIAL PURPOSE VEHICLE,2,4,AS8,E,13.7,11.1,12.5,208
2019,FORD,TRANSIT CONNECT WAGON LWB,SPECIAL PURPOSE VEHICLE,2.5,4,AS6,X,12.1,9,10.7,251
2019,GENESIS,G70,COMPACT,2,4,M6,Z,12.8,8.5,10.9,255
2019,GENESIS,G70 AWD,COMPACT,2,4,AS8,Z,11.5,8.7,10.3,241
2019,GENESIS,G70 AWD,COMPACT,3.3,6,AS8,Z,13.3,9.5,11.6,274
2019,GENESIS,G80 AWD,FULL-SIZE,3.3,6,AS8,Z,13.8,9.7,11.9,282
2019,GENESIS,G80 AWD,FULL-SIZE,3.8,6,AS8,X,13.4,9.6,11.7,276
2019,GENESIS,G80 AWD,FULL-SIZE,5,8,AS8,Z,15.6,10.4,13.2,312
2019,GENESIS,G90 AWD,FULL-SIZE,3.3,6,AS8,Z,13.7,9.7,11.9,279
2019,GENESIS,G90 AWD,FULL-SIZE,5,8,AS8,Z,15.2,10.2,13,306
2019,GMC,ACADIA,SUV: STANDARD,2.5,4,A6,X,11.1,9.2,10.2,237
2019,GMC,ACADIA,SUV: STANDARD,3.6,6,A6,X,13.1,9.4,11.4,268
2019,GMC,ACADIA AWD,SUV: STANDARD,2.5,4,A6,X,11.3,9.4,10.5,248
2019,GMC,ACADIA AWD,SUV: STANDARD,3.6,6,A6,X,13.5,9.5,11.7,275
2019,GMC,CANYON,PICKUP TRUCK: SMALL,2.5,4,A6,X,12.1,9.2,10.8,253
2019,GMC,CANYON,PICKUP TRUCK: SMALL,2.5,4,M6,X,11.9,9.2,10.7,251
2019,GMC,CANYON,PICKUP TRUCK: SMALL,2.8,4,A6,D,11.8,7.9,10.1,270
2019,GMC,CANYON,PICKUP TRUCK: SMALL,3.6,6,A8,X,13.4,9.6,11.7,274
2019,GMC,CANYON 4WD,PICKUP TRUCK: SMALL,2.5,4,A6,X,12.7,9.8,11.4,267
2019,GMC,CANYON 4WD,PICKUP TRUCK: SMALL,2.8,4,A6,D,12.2,8.4,10.5,283
2019,GMC,CANYON 4WD,PICKUP TRUCK: SMALL,3.6,6,A8,X,14,9.9,12.2,286
2019,GMC,SIERRA,PICKUP TRUCK: STANDARD,2.7,4,A8,X,11.9,10.3,11.1,261
2019,GMC,SIERRA,PICKUP TRUCK: STANDARD,4.3,6,A6,X,15.1,11.5,13.5,317
2019,GMC,SIERRA,PICKUP TRUCK: STANDARD,5.3,8,A6,X,15.9,11.4,13.9,326
2019,GMC,SIERRA FFV,PICKUP TRUCK: STANDARD,5.3,8,A6,X,15.7,11.9,14,329
2019,GMC,SIERRA FFV,PICKUP TRUCK: STANDARD,5.3,8,A6,E,21.1,15,18.4,306
2019,GMC,SIERRA,PICKUP TRUCK: STANDARD,5.3,8,A8,X,14.3,10.4,12.5,294
2019,GMC,SIERRA 4WD,PICKUP TRUCK: STANDARD,2.7,4,A8,X,12.6,10.9,11.8,277
2019,GMC,SIERRA 4WD,PICKUP TRUCK: STANDARD,4.3,6,A6,X,15.8,11.9,14,329
2019,GMC,SIERRA 4WD,PICKUP TRUCK: STANDARD,5.3,8,A6,X,15.9,11.7,14,330
2019,GMC,SIERRA 4WD FFV,PICKUP TRUCK: STANDARD,5.3,8,A6,X,16,12.5,14.4,339
2019,GMC,SIERRA 4WD FFV,PICKUP TRUCK: STANDARD,5.3,8,A6,E,22,16.1,19.4,323
2019,GMC,SIERRA 4WD,PICKUP TRUCK: STANDARD,5.3,8,A8,X,15.3,11.2,13.5,316
2019,GMC,SIERRA 4WD AT4,PICKUP TRUCK: STANDARD,5.3,8,A8,X,15.3,11.8,13.7,320
2019,GMC,SIERRA 4WD,PICKUP TRUCK: STANDARD,6.2,8,A10,Z,15.5,11.9,13.9,326
2019,GMC,SIERRA 4WD AT4,PICKUP TRUCK: STANDARD,6.2,8,A10,Z,15.7,12.4,14.2,332
2019,GMC,SIERRA LTD,PICKUP TRUCK: STANDARD,5.3,8,A6,X,15.6,10.9,13.5,317
2019,GMC,SIERRA LTD 4WD,PICKUP TRUCK: STANDARD,5.3,8,A6,X,15.8,11.4,13.8,325
2019,GMC,TERRAIN,SUV: SMALL,1.5,4,A9,X,9.2,7.9,8.6,201
2019,GMC,TERRAIN,SUV: SMALL,1.6,4,A6,D,8.5,6,7.4,199
2019,GMC,TERRAIN AWD,SUV: SMALL,1.5,4,A9,X,9.6,8.3,9,210
2019,GMC,TERRAIN AWD,SUV: SMALL,1.6,4,A6,D,8.5,6.1,7.4,199
2019,GMC,TERRAIN AWD,SUV: SMALL,2,4,A9,Z,11.2,9,10.2,239
2019,GMC,YUKON,SUV: STANDARD,5.3,8,A6,X,15.7,10.5,13.4,314
2019,GMC,YUKON FFV,SUV: STANDARD,5.3,8,A6,X,15.7,10.5,13.4,314
2019,GMC,YUKON FFV,SUV: STANDARD,5.3,8,A6,E,21.2,13.9,17.9,298
2019,GMC,YUKON 4WD,SUV: STANDARD,5.3,8,A6,X,15.8,11.1,13.7,321
2019,GMC,YUKON 4WD FFV,SUV: STANDARD,5.3,8,A6,X,15.8,11.1,13.7,321
2019,GMC,YUKON 4WD FFV,SUV: STANDARD,5.3,8,A6,E,21.7,14.3,18.4,305
2019,GMC,YUKON 4WD,SUV: STANDARD,6.2,8,A10,Z,16.4,10.7,13.8,325
2019,GMC,YUKON XL,SUV: STANDARD,5.3,8,A6,X,15.7,10.5,13.4,314
2019,GMC,YUKON XL FFV,SUV: STANDARD,5.3,8,A6,X,15.7,10.5,13.4,314
2019,GMC,YUKON XL FFV,SUV: STANDARD,5.3,8,A6,E,21.2,13.9,17.9,298
2019,GMC,YUKON XL 4WD,SUV: STANDARD,5.3,8,A6,X,16.8,11.3,14.3,336
2019,GMC,YUKON XL 4WD FFV,SUV: STANDARD,5.3,8,A6,X,16.8,11.3,14.3,336
2019,GMC,YUKON XL 4WD FFV,SUV: STANDARD,5.3,8,A6,E,22.2,15.2,19,317
2019,GMC,YUKON XL 4WD,SUV: STANDARD,6.2,8,A10,Z,17.1,11.3,14.5,340
2019,HONDA,ACCORD,FULL-SIZE,1.5,4,AV,X,7.9,6.3,7.2,168
2019,HONDA,ACCORD,FULL-SIZE,1.5,4,AV7,X,8.2,6.8,7.6,177
2019,HONDA,ACCORD,FULL-SIZE,1.5,4,M6,X,8.9,6.7,7.9,185
2019,HONDA,ACCORD,FULL-SIZE,2,4,M6,X,10.7,7.3,9.2,214
2019,HONDA,ACCORD SPORT/TOURING,MID-SIZE,2,4,AS10,X,10.4,7.4,9.1,211
2019,HONDA,ACCORD HYBRID,FULL-SIZE,2,4,AV,X,5,5,5,117
2019,HONDA,CIVIC COUPE,COMPACT,1.5,4,AV7,X,7.8,6.4,7.2,167
2019,HONDA,CIVIC COUPE,COMPACT,2,4,AV,X,7.8,6.1,7.1,164
2019,HONDA,CIVIC COUPE,COMPACT,2,4,AV7,X,8.3,6.6,7.5,176
2019,HONDA,CIVIC COUPE,COMPACT,2,4,M6,X,9.3,6.7,8.1,189
2019,HONDA,CIVIC COUPE SI,COMPACT,1.5,4,M6,Z,8.4,6.2,7.4,173
2019,HONDA,CIVIC HATCHBACK,FULL-SIZE,1.5,4,AV,X,7.7,6,6.9,162
2019,HONDA,CIVIC HATCHBACK,FULL-SIZE,1.5,4,AV7,X,7.9,6.6,7.3,170
2019,HONDA,CIVIC HATCHBACK,FULL-SIZE,1.5,4,M6,X,8,6.2,7.2,167
2019,HONDA,CIVIC HATCHBACK SPORT,FULL-SIZE,1.5,4,AV7,Z,7.9,6.6,7.3,170
2019,HONDA,CIVIC HATCHBACK SPORT,FULL-SIZE,1.5,4,M6,Z,8,6.2,7.2,167
2019,HONDA,CIVIC SEDAN,MID-SIZE,1.5,4,AV7,X,7.8,6.2,7.1,165
2019,HONDA,CIVIC SEDAN,MID-SIZE,2,4,AV,X,7.9,6.1,7.1,167
2019,HONDA,CIVIC SEDAN,MID-SIZE,2,4,M6,X,9.3,6.5,8,186
2019,HONDA,CIVIC SEDAN SI,MID-SIZE,1.5,4,M6,Z,8.4,6.2,7.4,173
2019,HONDA,CIVIC TYPE R,FULL-SIZE,2,4,M6,Z,10.6,8.3,9.6,224
2019,HONDA,CR-V,SUV: SMALL,1.5,4,AV,X,8.4,7,7.8,181
2019,HONDA,CR-V AWD,SUV: SMALL,1.5,4,AV,X,8.7,7.2,8,188
2019,HONDA,FIT,STATION WAGON: SMALL,1.5,4,AV,X,7,5.9,6.5,151
2019,HONDA,FIT,STATION WAGON: SMALL,1.5,4,AV7,X,7.6,6.5,7,166
2019,HONDA,FIT,STATION WAGON: SMALL,1.5,4,M6,X,8.1,6.6,7.4,174
2019,HONDA,HR-V,STATION WAGON: SMALL,1.8,4,AV,X,8.4,7,7.8,181
2019,HONDA,HR-V AWD,STATION WAGON: SMALL,1.8,4,AV,X,8.8,7.5,8.2,193
2019,HONDA,HR-V AWD,STATION WAGON: SMALL,1.8,4,AV7,X,9.1,7.7,8.5,199
2019,HONDA,INSIGHT EX,MID-SIZE,1.5,4,AV,X,4.6,5.3,4.9,114
2019,HONDA,INSIGHT TOURING,MID-SIZE,1.5,4,AV,X,4.6,5.3,4.9,114
2019,HONDA,ODYSSEY,MINIVAN,3.5,6,AS9,X,12.6,8.4,10.7,252
2019,HONDA,ODYSSEY TOURING,MINIVAN,3.5,6,AS10,X,12.2,8.5,10.6,247
2019,HONDA,PASSPORT AWD,SUV: SMALL,3.5,6,A9,X,12.5,9.8,11.3,265
2019,HONDA,PILOT,SUV: SMALL,3.5,6,A6,X,12.4,8.7,10.7,250
2019,HONDA,PILOT AWD,SUV: SMALL,3.5,6,A6,X,13,9.3,11.3,266
2019,HONDA,PILOT AWD,SUV: SMALL,3.5,6,AS9,X,12.4,9.3,11,257
2019,HONDA,RIDGELINE AWD,PICKUP TRUCK: STANDARD,3.5,6,A6,X,12.8,9.5,11.3,263
2019,HYUNDAI,ACCENT,COMPACT,1.6,4,AS6,X,8.2,6.2,7.3,172
2019,HYUNDAI,ACCENT,COMPACT,1.6,4,M6,X,8.2,6.3,7.3,173
2019,HYUNDAI,ELANTRA,MID-SIZE,1.6,4,AM7,X,8.9,7,8.1,189
2019,HYUNDAI,ELANTRA,MID-SIZE,1.6,4,M6,X,10.7,7.8,9.4,221
2019,HYUNDAI,ELANTRA,MID-SIZE,2,4,AS6,X,8.3,6.4,7.4,174
2019,HYUNDAI,ELANTRA,MID-SIZE,2,4,M6,X,9.2,6.5,8,188
2019,HYUNDAI,ELANTRA GT,FULL-SIZE,1.6,4,AM7,X,9.7,7.4,8.6,205
2019,HYUNDAI,ELANTRA GT,FULL-SIZE,1.6,4,M6,X,10.3,7.9,9.2,218
2019,HYUNDAI,ELANTRA GT,FULL-SIZE,2,4,AS6,X,9.4,7.1,8.4,200
2019,HYUNDAI,ELANTRA GT,FULL-SIZE,2,4,M6,X,9.8,7.4,8.7,207
2019,HYUNDAI,IONIQ,FULL-SIZE,1.6,4,AM6,X,4.3,4.4,4.3,104
2019,HYUNDAI,IONIQ BLUE,FULL-SIZE,1.6,4,AM6,X,4.2,4,4.1,96
2019,HYUNDAI,KONA,SUV: SMALL,2,4,AS6,X,8.6,7,7.9,186
2019,HYUNDAI,KONA AWD,SUV: SMALL,1.6,4,AM7,X,9,8,8.6,201
2019,HYUNDAI,KONA AWD,SUV: SMALL,2,4,AS6,X,9.2,7.8,8.6,202
2019,HYUNDAI,SANTA FE,SUV: SMALL,2.4,4,AS8,X,10.8,8,9.6,225
2019,HYUNDAI,SANTA FE AWD,SUV: SMALL,2,4,AS8,X,12.3,9.8,11.2,262
2019,HYUNDAI,SANTA FE AWD,SUV: SMALL,2.4,4,AS8,X,11.2,8.7,10.1,237
2019,HYUNDAI,SANTA FE XL,SUV: SMALL,3.3,6,AS6,X,13.2,9.4,11.5,268
2019,HYUNDAI,SANTA FE XL AWD,SUV: SMALL,3.3,6,AS6,X,13.4,9.7,11.7,276
2019,HYUNDAI,SANTA FE XL ULTIMATE AWD,SUV: SMALL,3.3,6,AS6,X,14.1,10.8,12.6,297
2019,HYUNDAI,SONATA,FULL-SIZE,2,4,AS8,X,10.4,7.4,9.1,212
2019,HYUNDAI,SONATA,FULL-SIZE,2.4,4,AS6,X,9.3,7.1,8.3,198
2019,HYUNDAI,SONATA SE,FULL-SIZE,2.4,4,AS6,X,9.2,6.8,8.1,190
2019,HYUNDAI,SONATA HYBRID,MID-SIZE,2,4,AM6,X,6,5.3,5.7,135
2019,HYUNDAI,SONATA HYBRID SE,MID-SIZE,2,4,AM6,X,5.9,5.1,5.6,132
2019,HYUNDAI,TUCSON,SUV: SMALL,2,4,AS6,X,10,7.9,9.1,216
2019,HYUNDAI,TUCSON AWD,SUV: SMALL,2,4,AS6,X,10.8,9.2,10.1,239
2019,HYUNDAI,TUCSON AWD,SUV: SMALL,2.4,4,AS6,X,11,9.1,10.1,240
2019,HYUNDAI,VELOSTER,COMPACT,2,4,AS6,X,9.1,7.1,8.2,193
2019,HYUNDAI,VELOSTER,COMPACT,2,4,M6,X,9.4,7.1,8.4,198
2019,HYUNDAI,VELOSTER N,COMPACT,2,4,M6,X,10.6,8.3,9.5,226
2019,HYUNDAI,VELOSTER TURBO,COMPACT,1.6,4,AM7,X,8.5,6.9,7.8,184
2019,HYUNDAI,VELOSTER TURBO,COMPACT,1.6,4,M6,X,9.4,7,8.3,197
2019,INFINITI,Q50 AWD,MID-SIZE,2,4,AS7,Z,10.7,8.6,9.7,229
2019,INFINITI,Q50 AWD,MID-SIZE,3,6,AS7,Z,12.4,8.7,10.8,253
2019,INFINITI,Q50 AWD RED SPORT,MID-SIZE,3,6,AS7,Z,12.5,9.3,11.1,261
2019,INFINITI,Q60 AWD,SUBCOMPACT,2,4,AS7,Z,11.2,8.5,10,233
2019,INFINITI,Q60 AWD,SUBCOMPACT,3,6,AS7,Z,12.3,8.7,10.7,251
2019,INFINITI,Q60 AWD RED SPORT,SUBCOMPACT,3,6,AS7,Z,12.5,9.2,11,259
2019,INFINITI,Q70 AWD,MID-SIZE,3.7,6,AS7,Z,13.2,9.8,11.7,275
2019,INFINITI,Q70 AWD,MID-SIZE,5.6,8,AS7,Z,14.9,10.2,12.8,301
2019,INFINITI,QX50 AWD,SUV: SMALL,2,4,AV8,Z,10,7.8,9,211
2019,INFINITI,QX60 AWD,SUV: SMALL,3.5,6,AV7,Z,12.5,9,10.9,257
2019,INFINITI,QX80 4WD,SUV: STANDARD,5.6,8,AS7,Z,17.4,12.2,15.1,354
2019,JAGUAR,E-PACE P250,SUV: SMALL,2,4,AS9,Z,11,8.4,9.8,231
2019,JAGUAR,F-PACE 20D,SUV: SMALL,2,4,AS8,D,8.9,7.2,8.1,218
2019,JAGUAR,F-PACE 25T,SUV: SMALL,2,4,AS8,Z,10.7,8.8,9.9,227
2019,JAGUAR,F-PACE 35T,SUV: SMALL,3,6,AS8,Z,13.3,10,11.8,277
2019,JAGUAR,F-TYPE CONVERTIBLE,TWO-SEATER,2,4,AS8,Z,10.2,7.8,9.2,215
2019,JAGUAR,F-TYPE CONVERTIBLE,TWO-SEATER,3,6,AS8,Z,11.9,8.5,10.4,242
2019,JAGUAR,F-TYPE CONVERTIBLE,TWO-SEATER,3,6,M6,Z,14.9,9.8,12.6,296
2019,JAGUAR,F-TYPE CONVERTIBLE R-DYNAMIC,TWO-SEATER,3,6,AS8,Z,12.4,8.8,10.8,253
2019,JAGUAR,F-TYPE CONVERTIBLE R-DYNAMIC,TWO-SEATER,3,6,M6,Z,15.3,10,12.9,302
2019,JAGUAR,F-TYPE CONVERTIBLE R-DYNAMIC AWD,TWO-SEATER,3,6,AS8,Z,13,9.2,11.3,265
2019,JAGUAR,F-TYPE COUPE,TWO-SEATER,2,4,AS8,Z,10.2,7.8,9.2,215
2019,JAGUAR,F-TYPE COUPE,TWO-SEATER,3,6,AS8,Z,11.9,8.5,10.4,242
2019,JAGUAR,F-TYPE COUPE,TWO-SEATER,3,6,M6,Z,14.9,9.8,12.6,296
2019,JAGUAR,F-TYPE COUPE R-DYNAMIC,TWO-SEATER,3,6,AS8,Z,12.4,8.8,10.8,253
2019,JAGUAR,F-TYPE COUPE R-DYNAMIC,TWO-SEATER,3,6,M6,Z,15.3,10,12.9,302
2019,JAGUAR,F-TYPE COUPE R-DYNAMIC AWD,TWO-SEATER,3,6,AS8,Z,13,9.2,11.3,265
2019,JAGUAR,F-TYPE R AWD CONVERTIBLE,TWO-SEATER,5,8,AS8,Z,15.6,10.4,13.3,311
2019,JAGUAR,F-TYPE R AWD COUPE,TWO-SEATER,5,8,AS8,Z,15.6,10.4,13.3,311
2019,JAGUAR,XE 20D AWD,COMPACT,2,4,AS8,D,7.8,5.8,6.9,186
2019,JAGUAR,XE 25T AWD,COMPACT,2,4,AS8,Z,9.8,6.9,8.5,200
2019,JAGUAR,XE 35T AWD,COMPACT,3,6,AS8,Z,11.8,8.2,10.2,238
2019,JAGUAR,XF 20D AWD,MID-SIZE,2,4,AS8,D,7.8,5.8,6.9,186
2019,JAGUAR,XF 25T AWD,MID-SIZE,2,4,AS8,Z,10.1,7.2,8.8,207
2019,JAGUAR,XF 35T AWD,MID-SIZE,3,6,AS8,Z,12,8.4,10.4,243
2019,JAGUAR,XJ R-SPORT AWD,FULL-SIZE,3,6,AS8,Z,14,9,11.8,276
2019,JAGUAR,XJL PORTFOLIO AWD,FULL-SIZE,3,6,AS8,Z,14,9.4,11.9,280
2019,JAGUAR,XJR LWB,FULL-SIZE,5,8,AS8,Z,15.8,10.3,13.3,313
2019,JEEP,CHEROKEE,SUV: SMALL,2,4,A9,X,10.4,7.6,9.1,214
2019,JEEP,CHEROKEE,SUV: SMALL,2.4,4,A9,X,10.8,7.6,9.3,219
2019,JEEP,CHEROKEE,SUV: SMALL,3.2,6,A9,X,11.9,8.2,10.2,240
2019,JEEP,CHEROKEE 4X4 ACTIVE DRIVE I,SUV: SMALL,2,4,A9,X,11.2,8,9.8,229
2019,JEEP,CHEROKEE 4X4 ACTIVE DRIVE I,SUV: SMALL,2.4,4,A9,X,11.2,8,9.8,230
2019,JEEP,CHEROKEE 4X4 ACTIVE DRIVE I,SUV: SMALL,3.2,6,A9,X,12.2,8.6,10.6,249
2019,JEEP,CHEROKEE 4X4 ACTIVE DRIVE II,SUV: SMALL,2,4,A9,X,11.5,8.6,10.2,240
2019,JEEP,CHEROKEE 4X4 ACTIVE DRIVE II,SUV: SMALL,3.2,6,A9,X,12.8,9,11.1,259
2019,JEEP,CHEROKEE 4X4 ACTIVE DRIVE LOCK,SUV: SMALL,2,4,A9,X,11.8,9.2,10.6,249
2019,JEEP,CHEROKEE 4X4 ACTIVE DRIVE LOCK,SUV: SMALL,3.2,6,A9,X,12.9,9.9,11.6,269
2019,JEEP,COMPASS,SUV: SMALL,2.4,4,A6,X,10.6,7.6,9.3,218
2019,JEEP,COMPASS,SUV: SMALL,2.4,4,M6,X,10.4,7.3,9,211
2019,JEEP,COMPASS 4X4,SUV: SMALL,2.4,4,A9,X,10.8,7.8,9.5,222
2019,JEEP,COMPASS 4X4,SUV: SMALL,2.4,4,M6,X,10.8,7.6,9.4,221
2019,JEEP,GRAND CHEROKEE 4X4,SUV: STANDARD,3.6,6,A8,X,12.7,9.6,11.3,265
2019,JEEP,GRAND CHEROKEE 4X4,SUV: STANDARD,5.7,8,A8,X,16.7,10.9,14.1,331
2019,JEEP,GRAND CHEROKEE 4X4 ECODIESEL,SUV: STANDARD,3,6,A8,D,11.2,8.5,10,268
2019,JEEP,GRAND CHEROKEE 4X4 SRT,SUV: STANDARD,6.4,8,A8,Z,18.3,12.6,15.7,368
2019,JEEP,GRAND CHEROKEE 4X4 TRACKHAWK,SUV: STANDARD,6.2,8,A8,Z,20.9,13.8,17.7,413
2019,JEEP,RENEGADE,SUV: SMALL,1.3,4,A9,X,9.8,7.4,8.7,204
2019,JEEP,RENEGADE,SUV: SMALL,2.4,4,A9,X,10.8,7.8,9.5,222
2019,JEEP,RENEGADE 4X4,SUV: SMALL,1.3,4,A9,X,10.1,8.1,9.2,216
2019,JEEP,RENEGADE 4X4,SUV: SMALL,2.4,4,A9,X,11.2,8.2,9.8,230
2019,JEEP,RENEGADE 4X4 TRAILHAWK,SUV: SMALL,1.3,4,A9,X,10.8,8.7,9.9,230
2019,JEEP,WRANGLER JL 4X4,SUV: SMALL,2,4,A8,X,10.5,9.4,10,233
2019,JEEP,WRANGLER JL 4X4,SUV: SMALL,3.6,6,A8,X,12.8,10.4,11.8,274
2019,JEEP,WRANGLER JL 4X4,SUV: SMALL,3.6,6,M6,X,13.7,9.6,11.8,277
2019,JEEP,WRANGLER JL UNLIMITED 4X4,SUV: SMALL,2,4,A8,X,10.9,10,10.5,245
2019,JEEP,WRANGLER JL UNLIMITED 4X4,SUV: SMALL,3.6,6,A8,X,12.9,10.2,11.7,275
2019,JEEP,WRANGLER JL UNLIMITED 4X4,SUV: SMALL,3.6,6,M6,X,13.8,10.1,12.2,285
2019,KIA,CADENZA,FULL-SIZE,3.3,6,AS8,X,11.6,8.5,10.2,238
2019,KIA,FORTE,MID-SIZE,2,4,AV,X,7.7,5.9,6.9,164
2019,KIA,FORTE,MID-SIZE,2,4,M6,X,8.6,6.4,7.6,180
2019,KIA,NIRO,STATION WAGON: SMALL,1.6,4,AM6,X,4.6,5.1,4.8,114
2019,KIA,NIRO FE,STATION WAGON: SMALL,1.6,4,AM6,X,4.5,4.8,4.7,110
2019,KIA,NIRO TOURING,STATION WAGON: SMALL,1.6,4,AM6,X,5.1,5.8,5.4,129
2019,KIA,OPTIMA,FULL-SIZE,2,4,AS6,X,11.2,7.9,9.7,230
2019,KIA,OPTIMA,FULL-SIZE,2.4,4,AS6,X,9.5,7.1,8.4,199
2019,KIA,OPTIMA HYBRID,MID-SIZE,2,4,AM6,X,6.1,5.2,5.7,133
2019,KIA,RIO,COMPACT,1.6,4,AS6,X,8.5,6.4,7.5,177
2019,KIA,RIO,COMPACT,1.6,4,M6,X,8.3,6.4,7.5,175
2019,KIA,SEDONA,MINIVAN,3.3,6,AS8,X,12.7,10,11.5,272
2019,KIA,SORENTO,SUV: SMALL,2.4,4,AS6,X,10.7,8.2,9.6,225
2019,KIA,SORENTO AWD,SUV: SMALL,2.4,4,AS6,X,11.2,9,10.2,242
2019,KIA,SORENTO AWD,SUV: SMALL,3.3,6,AS8,X,12.5,9.7,11.2,265
2019,KIA,SOUL,STATION WAGON: SMALL,1.6,4,AM7,X,9.1,7.7,8.5,199
2019,KIA,SOUL,STATION WAGON: SMALL,1.6,4,AS6,X,9,7.6,8.4,198
2019,KIA,SOUL,STATION WAGON: SMALL,2,4,AS6,X,9.5,7.8,8.7,206
2019,KIA,SPORTAGE,SUV: SMALL,2.4,4,AS6,X,10.3,7.8,9.2,218
2019,KIA,SPORTAGE AWD,SUV: SMALL,2,4,AS6,X,11.9,10.2,11.1,263
2019,KIA,SPORTAGE AWD,SUV: SMALL,2.4,4,AS6,X,11.3,9.5,10.5,247
2019,KIA,STINGER AWD,MID-SIZE,2,4,AS8,Z,11.1,8.1,9.7,229
2019,KIA,STINGER AWD,MID-SIZE,3.3,6,AS8,Z,13.6,9.6,11.8,279
2019,LAMBORGHINI,AVENTADOR COUPE,TWO-SEATER,6.5,12,AM7,Z,26.3,15.6,21.5,487
2019,LAMBORGHINI,AVENTADOR ROADSTER,TWO-SEATER,6.5,12,AM7,Z,26.6,15.8,21.7,493
2019,LAMBORGHINI,HURACAN COUPE,TWO-SEATER,5.2,10,AM7,Z,18.1,13.2,15.9,366
2019,LAMBORGHINI,HURACAN COUPE AWD,TWO-SEATER,5.2,10,AM7,Z,17.9,13,15.7,370
2019,LAMBORGHINI,HURACAN SPYDER,TWO-SEATER,5.2,10,AM7,Z,18.1,13.2,15.9,366
2019,LAMBORGHINI,HURACAN SPYDER AWD,TWO-SEATER,5.2,10,AM7,Z,17.9,13,15.7,370
2019,LAMBORGHINI,HURACAN PERFORMANTE COUPE,TWO-SEATER,5.2,10,AM7,Z,17.9,13,15.7,370
2019,LAMBORGHINI,HURACAN PERFORMANTE SPYDER,TWO-SEATER,5.2,10,AM7,Z,17.9,13,15.7,370
2019,LAMBORGHINI,URUS,SUV: STANDARD,4,8,AS8,Z,19.2,14.1,16.9,384
2019,LAND ROVER,DISCOVERY,SUV: STANDARD,3,6,AS8,Z,14.8,11.4,13.3,311
2019,LAND ROVER,DISCOVERY TD6 DIESEL,SUV: STANDARD,3,6,AS8,D,11.3,9.2,10.4,279
2019,LAND ROVER,DISCOVERY SPORT,SUV: SMALL,2,4,AS9,Z,11.4,9.3,10.5,246
2019,LAND ROVER,RANGE ROVER 3.0,SUV: STANDARD,3,6,AS8,Z,14.1,10.3,12.4,291
2019,LAND ROVER,RANGE ROVER TD6 DIESEL,SUV: STANDARD,3,6,AS8,D,10.7,8.3,9.6,256
2019,LAND ROVER,RANGE ROVER 5.0 SUPERCHARGED,SUV: STANDARD,5,8,AS8,Z,14.4,11.3,13,305
2019,LAND ROVER,RANGE ROVER SVAUTOBIOGRAPHY LWB,SUV: STANDARD,5,8,AS8,Z,17.9,12.7,15.5,365
2019,LAND ROVER,RANGE ROVER SPORT 3.0,SUV: STANDARD,3,6,AS8,Z,14.1,10.3,12.4,291
2019,LAND ROVER,RANGE ROVER SPORT TD6 DIESEL,SUV: STANDARD,3,6,AS8,D,10.7,8.3,9.6,256
2019,LAND ROVER,RANGE ROVER SPORT SUPERCHARGED,SUV: STANDARD,5,8,AS8,Z,14.1,10.7,12.6,294
2019,LAND ROVER,RANGE ROVER EVOQUE,SUV: SMALL,2,4,AS9,Z,10.9,8,9.6,225
2019,LAND ROVER,RANGE ROVER EVOQUE CONVERTIBLE,SUV: SMALL,2,4,AS9,Z,11.2,8.2,9.8,231
2019,LAND ROVER,RANGE ROVER VELAR D180,SUV: SMALL,2,4,AS8,D,9.2,7.8,8.5,229
2019,LAND ROVER,RANGE ROVER VELAR P300,SUV: SMALL,2,4,AS8,Z,11.7,9.2,10.6,248
2019,LAND ROVER,RANGE ROVER VELAR P380,SUV: SMALL,3,6,AS8,Z,13,10,11.6,273
2019,LEXUS,ES 300H,MID-SIZE,2.5,4,AV6,X,5.5,5.2,5.3,124
2019,LEXUS,ES 350,MID-SIZE,3.5,6,AS8,X,10.6,7.2,9.1,211
2019,LEXUS,ES 350 F SPORT,MID-SIZE,3.5,6,AS8,X,10.9,7.5,9.4,219
2019,LEXUS,GS 350 AWD,MID-SIZE,3.5,6,AS6,Z,12.3,9.1,10.9,254
2019,LEXUS,GS F,COMPACT,5,8,AS8,Z,14.9,9.7,12.5,293
2019,LEXUS,GX 460,SUV: STANDARD,4.6,8,AS6,Z,16,12.9,14.6,341
2019,LEXUS,IS 300,COMPACT,2,4,AS8,Z,11,7.6,9.5,220
2019,LEXUS,IS 300 AWD,COMPACT,3.5,6,AS6,Z,12.3,9.1,10.9,254
2019,LEXUS,IS 350 AWD,COMPACT,3.5,6,AS6,Z,12.3,9.1,10.9,254
2019,LEXUS,LC 500,SUBCOMPACT,5,8,AS10,Z,15.1,9.5,12.6,294
2019,LEXUS,LC 500H,SUBCOMPACT,3.5,6,AV10,Z,9,7.1,8.1,189
2019,LEXUS,LS 500 AWD,MID-SIZE,3.4,6,AS10,Z,13.1,8.7,11.1,261
2019,LEXUS,LS 500H AWD,MID-SIZE,3.5,6,AV10,Z,10.3,7.7,9.1,214
2019,LEXUS,LX 570,SUV: STANDARD,5.7,8,AS8,Z,18.2,12.8,15.8,371
2019,LEXUS,NX 300 AWD,SUV: SMALL,2,4,AS6,Z,10.7,8.5,9.7,226
2019,LEXUS,NX 300 AWD F SPORT,SUV: SMALL,2,4,AS6,Z,10.8,8.9,9.9,232
2019,LEXUS,NX 300H AWD,SUV: SMALL,2.5,4,AV6,X,7.2,7.9,7.5,176
2019,LEXUS,RC 300 AWD,SUBCOMPACT,3.5,6,AS6,Z,13.1,9.8,11.2,262
2019,LEXUS,RC 350 AWD,SUBCOMPACT,3.5,6,AS6,Z,13.1,9.8,11.2,262
2019,LEXUS,RC F,SUBCOMPACT,5,8,AS8,Z,15.2,9.5,12.6,289
2019,LEXUS,RX 350 AWD,SUV: SMALL,3.5,6,AS8,X,12.2,9,10.8,252
2019,LEXUS,RX 350 L AWD,SUV: SMALL,3.5,6,AS8,X,13.1,9.4,11.1,268
2019,LEXUS,RX 450H AWD,SUV: STANDARD,3.5,6,AV6,Z,7.5,8.4,7.9,185
2019,LEXUS,RX 450H L AWD,SUV: STANDARD,3.5,6,AV6,Z,8.1,8.4,8.1,190
2019,LEXUS,UX 200,MID-SIZE,2,4,AS10,X,8,6.3,7.2,168
2019,LEXUS,UX 250H,COMPACT,2,4,AV6,X,5.5,5.7,5.6,130
2019,LEXUS,UX 250H AWD,COMPACT,2,4,AV6,X,5.7,6.2,6,140
2019,LINCOLN,CONTINENTAL AWD,FULL-SIZE,2.7,6,AS6,X,14,9.4,12,281
2019,LINCOLN,CONTINENTAL AWD,FULL-SIZE,3,6,AS6,X,14.5,9.8,12.3,289
2019,LINCOLN,CONTINENTAL AWD,FULL-SIZE,3.7,6,AS6,X,14.3,9.7,12.2,287
2019,LINCOLN,MKC AWD,SUV: SMALL,2,4,AS6,X,12.3,9.3,11,257
2019,LINCOLN,MKC AWD (START/STOP),SUV: SMALL,2,4,AS6,X,12.2,9.3,10.9,256
2019,LINCOLN,MKC AWD,SUV: SMALL,2.3,4,AS6,X,13.1,9.5,11.5,270
2019,LINCOLN,MKT AWD,SUV: STANDARD,3.5,6,AS6,X,15.7,11.2,13.7,322
2019,LINCOLN,MKT LIVERY AWD,SPECIAL PURPOSE VEHICLE,3.7,6,A6,X,14.7,10.3,12.7,297
2019,LINCOLN,MKZ AWD,MID-SIZE,2,4,AS6,X,12.1,8.4,10.4,245
2019,LINCOLN,MKZ AWD,MID-SIZE,3,6,AS6,X,14,9.2,11.8,278
2019,LINCOLN,MKZ HYBRID,MID-SIZE,2,4,AV,X,5.7,6.2,5.9,139
2019,LINCOLN,NAUTILUS,SUV: SMALL,2.7,6,AS8,X,12.6,9.2,11,259
2019,LINCOLN,NAVIGATOR 4X4,SUV: STANDARD,3.5,6,AS10,X,15,11.4,13.4,314
2019,MASERATI,GHIBLI,MID-SIZE,3,6,AS8,Z,14.1,9.8,12.2,286
2019,MASERATI,GHIBLI S,MID-SIZE,3,6,AS8,Z,14.7,9.9,12.6,295
2019,MASERATI,GHIBLI SQ4,MID-SIZE,3,6,AS8,Z,14.7,9.9,12.6,295
2019,MASERATI,GRANTURISMO CONVERTIBLE,SUBCOMPACT,4.7,8,AS6,Z,17.8,11.6,15,354
2019,MASERATI,LEVANTE,SUV: STANDARD,3,6,AS8,Z,15.9,11.1,13.7,324
2019,MASERATI,LEVANTE S,SUV: STANDARD,3,6,AS8,Z,16.1,11.4,14,330
2019,MASERATI,LEVANTE GTS,SUV: STANDARD,3.8,8,AS8,Z,17.9,12.9,15.3,360
2019,MASERATI,LEVANTE TROFEO,SUV: STANDARD,3.8,8,AS8,Z,17.9,12.9,15.3,360
2019,MASERATI,QUATTROPORTE S,FULL-SIZE,3,6,AS8,Z,15.1,10.3,12.8,299
2019,MASERATI,QUATTROPORTE SQ4,FULL-SIZE,3,6,AS8,Z,15,10.3,12.8,301
2019,MASERATI,QUATTROPORTE GTS,FULL-SIZE,3.8,8,AS8,Z,16,10.8,13.7,321
2019,MAZDA,CX-3,COMPACT,2,4,AS6,X,8.3,6.9,7.7,179
2019,MAZDA,CX-3,COMPACT,2,4,M6,X,8.8,7,8,186
2019,MAZDA,CX-3 4WD,COMPACT,2,4,AS6,X,8.6,7.4,8.1,189
2019,MAZDA,CX-5,SUV: SMALL,2,4,M6,X,9.7,7.7,8.8,206
2019,MAZDA,CX-5,SUV: SMALL,2.5,4,AS6,X,9.7,7.8,8.8,206
2019,MAZDA,CX-5 (CYLINDER DEACTIVATION),SUV: SMALL,2.5,4,AS6,X,9.3,7.6,8.5,201
2019,MAZDA,CX-5 4WD,SUV: SMALL,2.5,4,AS6,X,10.2,8.2,9.3,217
2019,MAZDA,CX-5 4WD (CYLINDER DEACTIVATION),SUV: SMALL,2.5,4,AS6,X,9.8,7.9,9,208
2019,MAZDA,CX-5 TURBO 4WD,SUV: SMALL,2.5,4,AS6,X,10.8,8.7,9.8,230
2019,MAZDA,CX-5 DIESEL 4WD,SUV: SMALL,2.2,4,AS6,D,8.9,7.9,8.4,227
2019,MAZDA,CX-9,SUV: SMALL,2.5,4,AS6,X,10.6,8.4,9.6,225
2019,MAZDA,CX-9 4WD,SUV: SMALL,2.5,4,AS6,X,11.6,9.1,10.5,244
2019,MAZDA,MAZDA3 4-DOOR,COMPACT,2,4,AS6,X,8.4,6.6,7.6,178
2019,MAZDA,MAZDA3 4-DOOR (SIL),COMPACT,2,4,M6,X,8.7,6.4,7.7,180
2019,MAZDA,MAZDA3 4-DOOR,COMPACT,2.5,4,AS6,X,8.8,6.4,7.7,181
2019,MAZDA,MAZDA3 4-DOOR (CYLINDER DEACTIVATION),COMPACT,2.5,4,AS6,X,8.8,6.6,7.8,183
2019,MAZDA,MAZDA3 4-DOOR 4WD,COMPACT,2.5,4,AS6,X,9.2,7,8.2,192
2019,MAZDA,MAZDA3 5-DOOR,MID-SIZE,2,4,AS6,X,8.6,6.7,7.7,181
2019,MAZDA,MAZDA3 5-DOOR (SIL),MID-SIZE,2,4,M6,X,8.7,6.6,7.8,181
2019,MAZDA,MAZDA3 5-DOOR,MID-SIZE,2.5,4,AS6,X,9,6.8,8,187
2019,MAZDA,MAZDA3 5-DOOR,MID-SIZE,2.5,4,M6,X,9.2,6.6,8.1,189
2019,MAZDA,MAZDA3 5-DOOR 4WD,MID-SIZE,2.5,4,AS6,X,9.8,7.4,8.7,204
2019,MAZDA,MAZDA6,MID-SIZE,2.5,4,AS6,X,9.1,6.7,8,187
2019,MAZDA,MAZDA6 TURBO,MID-SIZE,2.5,4,AS6,X,10,7.5,8.9,208
2019,MAZDA,MX-5,TWO-SEATER,2,4,AS6,Z,9,6.6,7.9,186
2019,MAZDA,MX-5 (SIL),TWO-SEATER,2,4,M6,Z,9,7,8.1,189
2019,MERCEDES-BENZ,A 220,SUBCOMPACT,2,4,AM7,Z,9.7,6.8,8.4,195
2019,MERCEDES-BENZ,A 220 4MATIC,SUBCOMPACT,2,4,AM7,Z,9.6,7.1,8.5,199
2019,MERCEDES-BENZ,A 250,STATION WAGON: SMALL,2,4,AM7,Z,9.4,6.8,8.3,192
2019,MERCEDES-BENZ,A 250 4MATIC,STATION WAGON: SMALL,2,4,AM7,Z,9.9,7,8.6,201
2019,MERCEDES-BENZ,AMG C 43 4MATIC,COMPACT,3,6,A9,Z,12.4,8.7,10.7,253
2019,MERCEDES-BENZ,AMG C 43 4MATIC CABRIOLET,SUBCOMPACT,3,6,A9,Z,12.7,9.2,11.2,263
2019,MERCEDES-BENZ,AMG C 43 4MATIC COUPE,SUBCOMPACT,3,6,A9,Z,12.9,8.8,11.1,255
2019,MERCEDES-BENZ,AMG C 43 4MATIC WAGON,STATION WAGON: SMALL,3,6,A9,Z,12.4,8.9,10.8,255
2019,MERCEDES-BENZ,AMG C 63,COMPACT,4,8,A9,Z,13.2,8.7,11.2,263
2019,MERCEDES-BENZ,AMG C 63 S,COMPACT,4,8,A9,Z,13.2,8.7,11.2,263
2019,MERCEDES-BENZ,AMG C 63 S CABRIOLET,SUBCOMPACT,4,8,A9,Z,13.9,9.7,12,282
2019,MERCEDES-BENZ,AMG C 63 S COUPE,SUBCOMPACT,4,8,A9,Z,13.9,9.2,11.8,277
2019,MERCEDES-BENZ,AMG CLA 45 4MATIC,MINICOMPACT,2,4,AM7,Z,10.3,7.9,9.2,217
2019,MERCEDES-BENZ,AMG CLS 53 4MATIC+,COMPACT,3,6,A9,Z,12.4,8.7,10.7,235
2019,MERCEDES-BENZ,AMG E 53 4MATIC+,MID-SIZE,3,6,A9,Z,11.2,8.3,9.9,232
2019,MERCEDES-BENZ,AMG E 53 4MATIC+ CABRIOLET,SUBCOMPACT,3,6,A9,Z,12.5,9,10.9,245
2019,MERCEDES-BENZ,AMG E 53 4MATIC+ COUPE,SUBCOMPACT,3,6,A9,Z,12.3,8.5,10.6,237
2019,MERCEDES-BENZ,AMG E 53 4MATIC+ WAGON,STATION WAGON: MID-SIZE,3,6,A9,Z,11.5,8.6,10.2,239
2019,MERCEDES-BENZ,AMG E 63 S 4MATIC+,MID-SIZE,4,8,A9,Z,16,10.5,13.5,318
2019,MERCEDES-BENZ,AMG E 63 S 4MATIC+ WAGON,STATION WAGON: MID-SIZE,4,8,A9,Z,14.6,10.4,12.7,299
2019,MERCEDES-BENZ,AMG G 63,SUV: STANDARD,4,8,A9,Z,18.1,15.6,17,396
2019,MERCEDES-BENZ,AMG GLA 45 4MATIC,STATION WAGON: MID-SIZE,2,4,AM7,Z,10.7,8.3,9.6,225
2019,MERCEDES-BENZ,AMG GLC 43 4MATIC,SUV: SMALL,3,6,A9,Z,12.5,9.6,11.2,262
2019,MERCEDES-BENZ,AMG GLC 43 4MATIC COUPE,SUV: SMALL,3,6,A9,Z,12.6,9.7,11.3,265
2019,MERCEDES-BENZ,AMG GLC 63 S 4MATIC+,SUV: SMALL,4,8,A9,Z,15,10.9,13.2,309
2019,MERCEDES-BENZ,AMG GLC 63 S 4MATIC+ COUPE,SUV: SMALL,4,8,A9,Z,15,10.9,13.2,309
2019,MERCEDES-BENZ,AMG GLE 43 4MATIC,SUV: STANDARD,3,6,A9,Z,14,10.6,12.4,292
2019,MERCEDES-BENZ,AMG GLE 43 4MATIC COUPE,SUV: STANDARD,3,6,A9,Z,14.1,10.9,12.6,297
2019,MERCEDES-BENZ,AMG GLE 63 S 4MATIC,SUV: STANDARD,4.7,8,A7,Z,17.7,13.4,15.8,370
2019,MERCEDES-BENZ,AMG GLE 63 S 4MATIC COUPE,SUV: STANDARD,4.7,8,A7,Z,17.2,12.8,15.2,357
2019,MERCEDES-BENZ,AMG GLS 63 4MATIC,SUV: STANDARD,4.7,8,A7,Z,17.8,13.2,15.7,370
2019,MERCEDES-BENZ,AMG GT 53 4MATIC+ COUPE,COMPACT,3,6,A9,Z,12.4,9.8,11.2,264
2019,MERCEDES-BENZ,AMG GT 63 4MATIC+ COUPE,COMPACT,4,8,A9,Z,15.5,11.5,13.7,323
2019,MERCEDES-BENZ,AMG GT 63 S 4MATIC+ COUPE,COMPACT,4,8,A9,Z,15.6,11.5,13.7,324
2019,MERCEDES-BENZ,AMG GT C COUPE,TWO-SEATER,4,8,AM7,Z,15.3,11.4,13.5,315
2019,MERCEDES-BENZ,AMG GT C ROADSTER,TWO-SEATER,4,8,AM7,Z,15.2,11.4,13.5,315
2019,MERCEDES-BENZ,AMG GT R COUPE,TWO-SEATER,4,8,AM7,Z,15.9,11.8,14,327
2019,MERCEDES-BENZ,AMG S 63 4MATIC+,FULL-SIZE,4,8,A9,Z,14.1,8.9,11.8,275
2019,MERCEDES-BENZ,AMG S 63 4MATIC+ CABRIOLET,SUBCOMPACT,4,8,A9,Z,15.8,9.8,13.1,306
2019,MERCEDES-BENZ,AMG S 63 4MATIC+ COUPE,COMPACT,4,8,A9,Z,14,8.7,11.6,271
2019,MERCEDES-BENZ,AMG S 65,FULL-SIZE,6,12,A7,Z,18.6,10.9,15.1,356
2019,MERCEDES-BENZ,AMG S 65 CABRIOLET,SUBCOMPACT,6,12,A9,Z,17.1,11,14.3,337
2019,MERCEDES-BENZ,AMG S 65 COUPE,COMPACT,6,12,A9,Z,17.6,11,14.6,343
2019,MERCEDES-BENZ,AMG SL 63,TWO-SEATER,5.5,8,A7,Z,15.3,10.2,13,303
2019,MERCEDES-BENZ,AMG SLC 43,TWO-SEATER,3,6,A9,Z,11.8,8.2,10.2,238
2019,MERCEDES-BENZ,B 250,STATION WAGON: SMALL,2,4,AM7,Z,9.8,6.8,8.4,196
2019,MERCEDES-BENZ,B 250 4MATIC,STATION WAGON: SMALL,2,4,AM7,Z,10.3,7.8,9.1,215
2019,MERCEDES-BENZ,C 300 4MATIC,COMPACT,2,4,A9,Z,11,7.3,9.4,219
2019,MERCEDES-BENZ,C 300 4MATIC CABRIOLET,SUBCOMPACT,2,4,A9,Z,11.3,8.1,9.9,231
2019,MERCEDES-BENZ,C 300 4MATIC COUPE,SUBCOMPACT,2,4,A9,Z,10.9,7.7,9.5,221
2019,MERCEDES-BENZ,C 300 4MATIC WAGON,STATION WAGON: SMALL,2,4,A9,Z,10.9,7.7,9.5,221
2019,MERCEDES-BENZ,CLA 250,MINICOMPACT,2,4,AM7,Z,9.6,6.6,8.2,193
2019,MERCEDES-BENZ,CLA 250 4MATIC,MINICOMPACT,2,4,AM7,Z,9.9,7.3,8.7,204
2019,MERCEDES-BENZ,CLS 450 4MATIC,COMPACT,3,6,A9,Z,11.3,7.9,9.8,213
2019,MERCEDES-BENZ,E 300 4MATIC,MID-SIZE,2,4,A9,Z,11,8.1,9.7,228
2019,MERCEDES-BENZ,E 450 4MATIC,MID-SIZE,3,6,A9,Z,11.8,8.5,10.3,244
2019,MERCEDES-BENZ,E 450 4MATIC CABRIOLET,SUBCOMPACT,3,6,A9,Z,12.7,10.1,11.6,271
2019,MERCEDES-BENZ,E 450 4MATIC COUPE,SUBCOMPACT,3,6,A9,Z,12.5,9.1,11,257
2019,MERCEDES-BENZ,E 450 4MATIC WAGON,STATION WAGON: MID-SIZE,3,6,A9,Z,12.3,8.9,10.8,254
2019,MERCEDES-BENZ,G 550,SUV: STANDARD,4,8,A9,Z,18,14.1,16.3,378
2019,MERCEDES-BENZ,GLA 250 4MATIC,SUV: SMALL,2,4,AM7,Z,10.1,7.6,9,209
2019,MERCEDES-BENZ,GLC 300 4MATIC,SUV: SMALL,2,4,A9,Z,11,8.7,10,234
2019,MERCEDES-BENZ,GLC 300 4MATIC COUPE,SUV: SMALL,2,4,A9,Z,10.8,9,10,234
2019,MERCEDES-BENZ,GLE 400 4MATIC,SUV: STANDARD,3,6,A9,Z,13.5,10.3,12.1,282
2019,MERCEDES-BENZ,GLS 450 4MATIC,SUV: STANDARD,3,6,A9,Z,14.9,11.2,13.2,312
2019,MERCEDES-BENZ,GLS 550 4MATIC,SUV: STANDARD,4.7,8,A9,Z,17.2,12.6,15.1,355
2019,MERCEDES-BENZ,MAYBACH S 560 4MATIC,FULL-SIZE,4,8,A9,Z,14.4,9.5,12.2,286
2019,MERCEDES-BENZ,MAYBACH S 650,FULL-SIZE,6,12,A7,Z,18.4,11.1,15.1,355
2019,MERCEDES-BENZ,METRIS CARGO,SPECIAL PURPOSE VEHICLE,2,4,A7,Z,11.5,9.8,10.7,251
2019,MERCEDES-BENZ,METRIS CARGO LWB,SPECIAL PURPOSE VEHICLE,2,4,A7,Z,11.3,9.6,10.5,248
2019,MERCEDES-BENZ,METRIS PASSENGER,SPECIAL PURPOSE VEHICLE,2,4,A7,Z,12.3,10.3,11.4,268
2019,MERCEDES-BENZ,S 450 4MATIC SWB,MID-SIZE,3,6,A9,Z,12.8,8.5,10.8,253
2019,MERCEDES-BENZ,S 560 CABRIOLET,SUBCOMPACT,4,8,A9,Z,13.8,9.2,11.7,275
2019,MERCEDES-BENZ,S 560 4MATIC,FULL-SIZE,4,8,A9,Z,13.5,8.6,11.3,265
2019,MERCEDES-BENZ,S 560 4MATIC SWB,MID-SIZE,4,8,A9,Z,13.5,8.6,11.3,265
2019,MERCEDES-BENZ,SL 450,TWO-SEATER,3,6,A9,Z,11.8,8.5,10.3,241
2019,MERCEDES-BENZ,SL 550,TWO-SEATER,4.7,8,A9,Z,13.5,9.3,11.6,270
2019,MERCEDES-BENZ,SLC 300,TWO-SEATER,2,4,A9,Z,10,7.3,8.8,205
2019,MINI,COOPER 3 DOOR,SUBCOMPACT,1.5,3,AS6,Z,8.8,6.8,7.9,184
2019,MINI,COOPER 3 DOOR,SUBCOMPACT,1.5,3,M6,Z,8.5,6.2,7.5,175
2019,MINI,COOPER 5 DOOR,SUBCOMPACT,1.5,3,AS6,Z,8.8,6.8,7.9,184
2019,MINI,COOPER 5 DOOR,SUBCOMPACT,1.5,3,M6,Z,8.4,6.3,7.5,175
2019,MINI,COOPER CLUBMAN ALL4,MID-SIZE,1.5,3,AS8,Z,10.2,7.6,9,212
2019,MINI,COOPER CLUBMAN ALL4,MID-SIZE,1.5,3,M6,Z,10.5,7.4,9.1,214
2019,MINI,COOPER CONVERTIBLE,MINICOMPACT,1.5,3,AS6,Z,8.8,6.8,7.9,184
2019,MINI,COOPER CONVERTIBLE,MINICOMPACT,1.5,3,M6,Z,8.4,6.3,7.5,175
2019,MINI,COOPER COUNTRYMAN ALL4,STATION WAGON: SMALL,1.5,3,AS8,Z,10.3,7.9,9.2,215
2019,MINI,COOPER COUNTRYMAN ALL4,STATION WAGON: SMALL,1.5,3,M6,Z,10.5,7.4,9.1,214
2019,MINI,COOPER S 3 DOOR,SUBCOMPACT,2,4,AS6,Z,9.3,7.3,8.4,197
2019,MINI,COOPER S 3 DOOR,SUBCOMPACT,2,4,M6,Z,10.2,7.4,9,210
2019,MINI,COOPER S 5 DOOR,SUBCOMPACT,2,4,AS6,Z,9.3,7.3,8.4,197
2019,MINI,COOPER S 5 DOOR,SUBCOMPACT,2,4,M6,Z,10.2,7.4,9,210
2019,MINI,COOPER S CLUBMAN ALL4,MID-SIZE,2,4,AS8,Z,10.4,7.6,9.2,214
2019,MINI,COOPER S CLUBMAN ALL4,MID-SIZE,2,4,M6,Z,11.4,7.7,9.7,227
2019,MINI,COOPER S CONVERTIBLE,MINICOMPACT,2,4,AS6,Z,9.4,7.2,8.4,197
2019,MINI,COOPER S CONVERTIBLE,MINICOMPACT,2,4,M6,Z,10.2,7.4,9,210
2019,MINI,COOPER S COUNTRYMAN ALL4,MID-SIZE,2,4,AS8,Z,10.5,7.6,9.2,215
2019,MINI,COOPER S COUNTRYMAN ALL4,MID-SIZE,2,4,M6,Z,11.3,7.8,9.7,228
2019,MINI,JOHN COOPER WORKS 3 DOOR,SUBCOMPACT,2,4,AS6,Z,9.3,7.3,8.4,197
2019,MINI,JOHN COOPER WORKS 3 DOOR,SUBCOMPACT,2,4,M6,Z,10.2,7.4,9,210
2019,MINI,JOHN COOPER WORKS CLUBMAN ALL4,MID-SIZE,2,4,AS8,Z,10.4,7.6,9.2,214
2019,MINI,JOHN COOPER WORKS CLUBMAN ALL4,MID-SIZE,2,4,M6,Z,11.4,7.7,9.7,227
2019,MINI,JOHN COOPER WORKS CONVERTIBLE,MINICOMPACT,2,4,AS6,Z,9.4,7.2,8.4,197
2019,MINI,JOHN COOPER WORKS CONVERTIBLE,MINICOMPACT,2,4,M6,Z,10.8,7.7,9.4,220
2019,MINI,JOHN COOPER WORKS COUNTRYMAN ALL4,MID-SIZE,2,4,AS8,Z,10.6,7.8,9.3,220
2019,MINI,JOHN COOPER WORKS COUNTRYMAN ALL4,MID-SIZE,2,4,M6,Z,11.3,7.8,9.7,228
2019,MITSUBISHI,ECLIPSE CROSS 4WD,SUV: SMALL,1.5,4,AV8,X,9.6,8.9,9.3,216
2019,MITSUBISHI,MIRAGE,COMPACT,1.2,3,AV,X,6.6,5.6,6.2,143
2019,MITSUBISHI,MIRAGE,COMPACT,1.2,3,M5,X,7.1,5.8,6.5,151
2019,MITSUBISHI,MIRAGE G4,COMPACT,1.2,3,AV,X,6.9,5.7,6.4,148
2019,MITSUBISHI,MIRAGE G4,COMPACT,1.2,3,M5,X,7.2,5.9,6.6,153
2019,MITSUBISHI,OUTLANDER 4WD,SUV: SMALL,2.4,4,AV6,X,9.9,8.1,9.1,212
2019,MITSUBISHI,OUTLANDER 4WD,SUV: SMALL,3,6,AS6,Z,12,8.8,10.6,246
2019,MITSUBISHI,RVR,SUV: SMALL,2,4,AV6,X,9.7,7.8,8.8,206
2019,MITSUBISHI,RVR 4WD,SUV: SMALL,2,4,AV6,X,10.1,8.2,9.2,213
2019,MITSUBISHI,RVR 4WD,SUV: SMALL,2.4,4,AV6,X,10.3,8.3,9.4,218
2019,NISSAN,370Z,TWO-SEATER,3.7,6,AS7,Z,12.6,9.3,11.1,261
2019,NISSAN,370Z,TWO-SEATER,3.7,6,M6,Z,13.3,9.3,11.5,270
2019,NISSAN,370Z ROADSTER,TWO-SEATER,3.7,6,AS7,Z,13,9.7,11.5,271
2019,NISSAN,370Z ROADSTER,TWO-SEATER,3.7,6,M6,Z,13.6,9.7,11.8,279
2019,NISSAN,ALTIMA,MID-SIZE,2.5,4,AV,X,8.6,6.1,7.4,174
2019,NISSAN,ALTIMA SR/PLATINUM,MID-SIZE,2,4,AV,X,9.1,6.9,8.1,190
2019,NISSAN,ALTIMA SR/PLATINUM,MID-SIZE,2.5,4,AV,X,8.5,6.3,7.5,177
2019,NISSAN,ALTIMA AWD,MID-SIZE,2.5,4,AV,X,9.1,6.5,7.9,186
2019,NISSAN,ALTIMA AWD SR/PLATINUM,MID-SIZE,2.5,4,AV,X,9.3,6.7,8.1,190
2019,NISSAN,ARMADA 4WD,SUV: STANDARD,5.6,8,AS7,X,17.7,12.9,15.5,364
2019,NISSAN,FRONTIER,PICKUP TRUCK: SMALL,2.5,4,A5,X,13.7,10.7,12.3,290
2019,NISSAN,FRONTIER,PICKUP TRUCK: SMALL,4,6,A5,X,14.7,10.3,12.7,299
2019,NISSAN,FRONTIER 4WD,PICKUP TRUCK: SMALL,4,6,A5,X,15.8,11.5,13.9,326
2019,NISSAN,FRONTIER 4WD,PICKUP TRUCK: SMALL,4,6,M6,X,15.1,11.5,13.5,317
2019,NISSAN,GT-R,SUBCOMPACT,3.8,6,AM6,Z,14.2,10.7,12.6,295
2019,NISSAN,KICKS,MID-SIZE,1.6,4,AV,X,7.7,6.6,7.2,169
2019,NISSAN,MAXIMA,MID-SIZE,3.5,6,AV7,Z,11.6,7.9,9.9,233
2019,NISSAN,MICRA,COMPACT,1.6,4,A4,X,9,6.8,8,188
2019,NISSAN,MICRA,COMPACT,1.6,4,M5,X,8.7,6.8,7.9,186
2019,NISSAN,MURANO,STATION WAGON: MID-SIZE,3.5,6,AV7,X,11.7,8.3,10.2,240
2019,NISSAN,MURANO AWD,STATION WAGON: MID-SIZE,3.5,6,AV7,X,11.7,8.5,10.3,242
2019,NISSAN,NV200 CARGO VAN,SPECIAL PURPOSE VEHICLE,2,4,AV,X,9.8,8.8,9.3,218
2019,NISSAN,PATHFINDER,SUV: SMALL,3.5,6,AV,X,11.6,8.5,10.2,240
2019,NISSAN,PATHFINDER 4WD,SUV: SMALL,3.5,6,AV,X,12.1,8.9,10.7,250
2019,NISSAN,PATHFINDER 4WD PLATINUM,SUV: SMALL,3.5,6,AV,X,12.4,9.2,11,259
2019,NISSAN,QASHQAI,STATION WAGON: SMALL,2,4,AV7,X,8.6,7.2,8,188
2019,NISSAN,QASHQAI,STATION WAGON: SMALL,2,4,M6,X,10.1,8.1,9.2,217
2019,NISSAN,QASHQAI AWD,STATION WAGON: SMALL,2,4,AV7,X,9.1,7.6,8.4,198
2019,NISSAN,ROGUE,SUV: SMALL,2.5,4,AV,X,9.1,7.1,8.2,192
2019,NISSAN,ROGUE AWD,SUV: SMALL,2.5,4,AV,X,9.6,7.5,8.7,204
2019,NISSAN,SENTRA,MID-SIZE,1.8,4,AV,X,8.1,6.3,7.3,172
2019,NISSAN,SENTRA,MID-SIZE,1.8,4,M6,X,8.8,6.6,7.8,183
2019,NISSAN,SENTRA (TURBO),MID-SIZE,1.6,4,AV7,Z,8.9,7.3,8.2,193
2019,NISSAN,SENTRA (TURBO),MID-SIZE,1.6,4,M6,Z,9.1,7.3,8.3,195
2019,NISSAN,SENTRA NISMO,MID-SIZE,1.6,4,AV7,Z,9.4,7.8,8.7,205
2019,NISSAN,SENTRA NISMO,MID-SIZE,1.6,4,M6,Z,9.5,7.6,8.7,204
2019,NISSAN,TITAN,PICKUP TRUCK: STANDARD,5.6,8,AS7,X,15,11.2,13.3,312
2019,NISSAN,TITAN 4WD,PICKUP TRUCK: STANDARD,5.6,8,AS7,X,15.2,11.1,13.4,315
2019,NISSAN,TITAN 4WD PRO-4X,PICKUP TRUCK: STANDARD,5.6,8,AS7,X,15.9,11.9,14.1,331
2019,NISSAN,VERSA,MID-SIZE,1.6,4,AV,X,7.6,6.2,7,164
2019,NISSAN,VERSA,MID-SIZE,1.6,4,M5,X,8.6,6.6,7.7,180
2019,PORSCHE,911 CARRERA,MINICOMPACT,3,6,AM7,Z,10.6,8,9.4,221
2019,PORSCHE,911 CARRERA,MINICOMPACT,3,6,M7,Z,11.8,8.1,10.1,237
2019,PORSCHE,911 CARRERA CABRIOLET,MINICOMPACT,3,6,AM7,Z,10.8,8.3,9.7,227
2019,PORSCHE,911 CARRERA CABRIOLET,MINICOMPACT,3,6,M7,Z,12,8.2,10.3,241
2019,PORSCHE,911 CARRERA GTS,MINICOMPACT,3,6,AM7,Z,11.5,9.1,10.4,243
2019,PORSCHE,911 CARRERA GTS,MINICOMPACT,3,6,M7,Z,13,8.9,11.2,260
2019,PORSCHE,911 CARRERA GTS CABRIOLET,MINICOMPACT,3,6,AM7,Z,11.8,9.2,10.7,249
2019,PORSCHE,911 CARRERA GTS CABRIOLET,MINICOMPACT,3,6,M7,Z,12.7,9,11,258
2019,PORSCHE,911 CARRERA S,MINICOMPACT,3,6,AM7,Z,10.8,8.3,9.7,226
2019,PORSCHE,911 CARRERA S,MINICOMPACT,3,6,M7,Z,12.1,8.3,10.3,242
2019,PORSCHE,911 CARRERA S CABRIOLET,MINICOMPACT,3,6,AM7,Z,10.8,8.4,9.7,228
2019,PORSCHE,911 CARRERA S CABRIOLET,MINICOMPACT,3,6,M7,Z,12.1,8.3,10.4,243
2019,PORSCHE,911 CARRERA T,MINICOMPACT,3,6,AM7,Z,11.9,9.1,10.6,248
2019,PORSCHE,911 CARRERA T,MINICOMPACT,3,6,M7,Z,14.6,9.4,12.3,286
2019,PORSCHE,911 CARRERA 4,MINICOMPACT,3,6,AM7,Z,10.7,8.3,9.6,225
2019,PORSCHE,911 CARRERA 4,MINICOMPACT,3,6,M7,Z,12.1,8.3,10.4,242
2019,PORSCHE,911 CARRERA 4 CABRIOLET,MINICOMPACT,3,6,AM7,Z,11,8.4,9.8,230
2019,PORSCHE,911 CARRERA 4 CABRIOLET,MINICOMPACT,3,6,M7,Z,12.2,8.5,10.5,246
2019,PORSCHE,911 CARRERA 4 GTS,MINICOMPACT,3,6,AM7,Z,11.8,9.2,10.6,248
2019,PORSCHE,911 CARRERA 4 GTS,MINICOMPACT,3,6,M7,Z,12.8,8.9,11,257
2019,PORSCHE,911 CARRERA 4 GTS CABRIOLET,MINICOMPACT,3,6,AM7,Z,11.9,9.3,10.7,250
2019,PORSCHE,911 CARRERA 4 GTS CABRIOLET,MINICOMPACT,3,6,M7,Z,12.9,9.1,11.2,260
2019,PORSCHE,911 CARRERA 4S,MINICOMPACT,3,6,AM7,Z,11.1,8.5,9.9,232
2019,PORSCHE,911 CARRERA 4S,MINICOMPACT,3,6,M7,Z,12.1,8.4,10.4,243
2019,PORSCHE,911 CARRERA 4S CABRIOLET,MINICOMPACT,3,6,AM7,Z,11,8.5,9.9,231
2019,PORSCHE,911 CARRERA 4S CABRIOLET,MINICOMPACT,3,6,M7,Z,12.2,8.5,10.5,246
2019,PORSCHE,911 GT2 RS,TWO-SEATER,3.8,6,AM7,Z,15.3,11.2,13.5,315
2019,PORSCHE,911 GT3,TWO-SEATER,4,6,AM7,Z,15.8,11.7,13.9,324
2019,PORSCHE,911 GT3,TWO-SEATER,4,6,M6,Z,18,11.5,15.1,352
2019,PORSCHE,911 GT3 RS,TWO-SEATER,4,6,AM7,Z,16.1,12.2,14.4,335
2019,PORSCHE,911 GT3 TOURING,TWO-SEATER,4,6,M6,Z,16.4,11.2,14.1,334
2019,PORSCHE,911 SPEEDSTER,TWO-SEATER,4,6,M6,Z,17.4,12.4,15.1,350
2019,PORSCHE,911 TARGA 4,MINICOMPACT,3,6,AM7,Z,10.9,8.4,9.8,228
2019,PORSCHE,911 TARGA 4,MINICOMPACT,3,6,M7,Z,12.2,8.5,10.5,246
2019,PORSCHE,911 TARGA 4 GTS,MINICOMPACT,3,6,AM7,Z,12.1,9.2,10.8,251
2019,PORSCHE,911 TARGA 4 GTS,MINICOMPACT,3,6,M7,Z,13.2,9.2,11.4,266
2019,PORSCHE,911 TARGA 4S,MINICOMPACT,3,6,AM7,Z,11.1,8.6,10,233
2019,PORSCHE,911 TARGA 4S,MINICOMPACT,3,6,M7,Z,12.2,8.5,10.5,246
2019,PORSCHE,911 TURBO,MINICOMPACT,3.8,6,AM7,Z,12.6,9.9,11.4,266
2019,PORSCHE,911 TURBO CABRIOLET,MINICOMPACT,3.8,6,AM7,Z,12.7,9.9,11.4,267
2019,PORSCHE,911 TURBO S,MINICOMPACT,3.8,6,AM7,Z,12.6,9.9,11.4,266
2019,PORSCHE,911 TURBO S CABRIOLET,MINICOMPACT,3.8,6,AM7,Z,12.7,9.9,11.4,267
2019,PORSCHE,911 TURBO S EXCLUSIVE CABRIOLET,MINICOMPACT,3.8,6,AM7,Z,14.3,10.9,12.7,297
2019,PORSCHE,BOXSTER,TWO-SEATER,2,4,AM7,Z,10.5,8,9.4,219
2019,PORSCHE,BOXSTER,TWO-SEATER,2,4,M6,Z,11,8.3,9.8,229
2019,PORSCHE,BOXSTER GTS,TWO-SEATER,2.5,4,AM7,Z,11.8,9.2,10.6,249
2019,PORSCHE,BOXSTER GTS,TWO-SEATER,2.5,4,M6,Z,12.3,9.4,11,257
2019,PORSCHE,BOXSTER S,TWO-SEATER,2.5,4,AM7,Z,11.1,8.4,9.9,231
2019,PORSCHE,BOXSTER S,TWO-SEATER,2.5,4,M6,Z,12.1,9,10.7,249
2019,PORSCHE,CAYENNE,SUV: STANDARD,3,6,AS8,Z,12.5,10,11.4,265
2019,PORSCHE,CAYENNE S,SUV: STANDARD,2.9,6,AS8,Z,12.9,10.4,11.8,275
2019,PORSCHE,CAYENNE TURBO,SUV: STANDARD,4,8,AS8,Z,15.6,12.4,14.1,329
2019,PORSCHE,CAYMAN,TWO-SEATER,2,4,AM7,Z,10.5,8,9.4,219
2019,PORSCHE,CAYMAN,TWO-SEATER,2,4,M6,Z,11,8.3,9.8,229
2019,PORSCHE,CAYMAN GTS,TWO-SEATER,2.5,4,AM7,Z,11.8,9.2,10.6,249
2019,PORSCHE,CAYMAN GTS,TWO-SEATER,2.5,4,M6,Z,12.3,9.4,11,257
2019,PORSCHE,CAYMAN S,TWO-SEATER,2.5,4,AM7,Z,11.1,8.4,9.9,231
2019,PORSCHE,CAYMAN S,TWO-SEATER,2.5,4,M6,Z,12.1,9,10.7,249
2019,PORSCHE,MACAN,SUV: SMALL,2,4,AM7,Z,12.2,10.2,11.3,264
2019,PORSCHE,MACAN S,SUV: SMALL,3,6,AM7,Z,12.9,10.2,11.7,272
2019,PORSCHE,PANAMERA,FULL-SIZE,3,6,AM8,Z,12.4,8.7,10.7,250
2019,PORSCHE,PANAMERA 4,FULL-SIZE,3,6,AM8,Z,12.4,9,10.9,253
2019,PORSCHE,PANAMERA 4 EXECUTIVE,FULL-SIZE,3,6,AM8,Z,12.4,9,10.9,253
2019,PORSCHE,PANAMERA 4 ST,FULL-SIZE,3,6,AM8,Z,12.2,8.9,10.7,250
2019,PORSCHE,PANAMERA 4S,FULL-SIZE,2.9,6,AM8,Z,13.1,8.9,11.2,261
2019,PORSCHE,PANAMERA 4S EXECUTIVE,FULL-SIZE,2.9,6,AM8,Z,13.1,8.9,11.2,261
2019,PORSCHE,PANAMERA 4S ST,FULL-SIZE,2.9,6,AM8,Z,13.1,9.8,11.6,273
2019,PORSCHE,PANAMERA GTS,FULL-SIZE,4,8,AM8,Z,14.5,10.2,12.6,295
2019,PORSCHE,PANAMERA GTS ST,FULL-SIZE,4,8,AM8,Z,15.7,10.5,13.4,313
2019,PORSCHE,PANAMERA TURBO,FULL-SIZE,4,8,AM8,Z,12.8,9.2,11.2,261
2019,PORSCHE,PANAMERA TURBO EXECUTIVE,FULL-SIZE,4,8,AM8,Z,12.8,9.2,11.2,261
2019,PORSCHE,PANAMERA TURBO ST,FULL-SIZE,4,8,AM8,Z,13.4,10.1,11.9,279
2019,RAM,1500 ETORQUE,PICKUP TRUCK: STANDARD,3.6,6,A8,X,11.9,9.4,10.8,253
2019,RAM,1500 HFE ETORQUE,PICKUP TRUCK: STANDARD,3.6,6,A8,X,11.6,9,10.4,246
2019,RAM,1500,PICKUP TRUCK: STANDARD,5.7,8,A8,X,16.2,10.5,13.6,320
2019,RAM,1500 ETORQUE,PICKUP TRUCK: STANDARD,5.7,8,A8,X,14.1,10.3,12.4,290
2019,RAM,1500 4X4 ETORQUE,PICKUP TRUCK: STANDARD,3.6,6,A8,X,12.2,9.7,11.1,260
2019,RAM,1500 4X4,PICKUP TRUCK: STANDARD,5.7,8,A8,X,16.1,11,13.8,325
2019,RAM,1500 4X4 ETORQUE,PICKUP TRUCK: STANDARD,5.7,8,A8,X,14.3,11.1,12.9,302
2019,RAM,1500 CLASSIC ECODIESEL,PICKUP TRUCK: STANDARD,3,6,A8,D,11.8,8.6,10.4,278
2019,RAM,1500 CLASSIC FFV,PICKUP TRUCK: STANDARD,3.6,6,A8,X,13.9,9.6,11.9,280
2019,RAM,1500 CLASSIC FFV,PICKUP TRUCK: STANDARD,3.6,6,A8,E,19.7,13.8,17,283
2019,RAM,1500 CLASSIC,PICKUP TRUCK: STANDARD,5.7,8,A6,X,17,12,14.8,346
2019,RAM,1500 CLASSIC,PICKUP TRUCK: STANDARD,5.7,8,A8,X,15.7,11,13.6,319
2019,RAM,1500 CLASSIC 4X4 ECODIESEL,PICKUP TRUCK: STANDARD,3,6,A8,D,12.3,8.8,10.8,289
2019,RAM,1500 CLASSIC 4X4 FFV,PICKUP TRUCK: STANDARD,3.6,6,A8,X,14.5,10.2,12.6,294
2019,RAM,1500 CLASSIC 4X4 FFV,PICKUP TRUCK: STANDARD,3.6,6,A8,E,20.7,14.7,18,300
2019,RAM,1500 CLASSIC 4X4,PICKUP TRUCK: STANDARD,5.7,8,A6,X,18.7,13.3,16.3,382
2019,RAM,1500 CLASSIC 4X4,PICKUP TRUCK: STANDARD,5.7,8,A8,X,16.1,11.5,14,328
2019,RAM,PROMASTER CITY,SPECIAL PURPOSE VEHICLE,2.4,4,A9,X,11.2,8.3,9.9,232
2019,ROLLS-ROYCE,CULLINAN,STATION WAGON: MID-SIZE,6.7,12,AS8,Z,20,11.8,16.3,382
2019,ROLLS-ROYCE,DAWN,COMPACT,6.6,12,AS8,Z,20.3,13,17,397
2019,ROLLS-ROYCE,GHOST,FULL-SIZE,6.6,12,AS8,Z,20.3,13,17,397
2019,ROLLS-ROYCE,GHOST EWB,FULL-SIZE,6.6,12,AS8,Z,20.3,13,17,397
2019,ROLLS-ROYCE,PHANTOM,FULL-SIZE,6.7,12,AS8,Z,20,11.8,16.3,382
2019,ROLLS-ROYCE,PHANTOM EWB,FULL-SIZE,6.7,12,AS8,Z,20,11.8,16.3,382
2019,ROLLS-ROYCE,WRAITH,MID-SIZE,6.6,12,AS8,Z,19.6,12.9,16.6,388
2019,SUBARU,ASCENT AWD,SUV: STANDARD,2.4,4,AV8,X,11.6,9,10.4,244
2019,SUBARU,BRZ,MINICOMPACT,2,4,AS6,Z,9.7,7.2,8.6,200
2019,SUBARU,BRZ,MINICOMPACT,2,4,M6,Z,11.2,8.3,9.9,231
2019,SUBARU,CROSSTREK AWD,SUV: SMALL,2,4,AV7,X,8.8,7.2,8.1,188
2019,SUBARU,CROSSTREK AWD,SUV: SMALL,2,4,M6,X,10.5,8.1,9.4,220
2019,SUBARU,FORESTER AWD,SUV: SMALL,2.5,4,AV7,X,9,7.2,8.2,192
2019,SUBARU,IMPREZA 4-DOOR AWD,MID-SIZE,2,4,AV7,X,8.3,6.4,7.5,174
2019,SUBARU,IMPREZA 4-DOOR AWD,MID-SIZE,2,4,M5,X,10.1,7.5,8.9,209
2019,SUBARU,IMPREZA 5-DOOR AWD,STATION WAGON: SMALL,2,4,AV7,X,8.4,6.6,7.6,177
2019,SUBARU,IMPREZA 5-DOOR AWD,STATION WAGON: SMALL,2,4,M5,X,10.1,7.7,9,211
2019,SUBARU,LEGACY AWD,MID-SIZE,2.5,4,AV7,X,9.3,7,8.2,193
2019,SUBARU,LEGACY AWD,MID-SIZE,3.6,6,AV6,X,11.9,8.3,10.3,241
2019,SUBARU,OUTBACK AWD,SUV: SMALL,2.5,4,AV7,X,9.4,7.3,8.5,198
2019,SUBARU,OUTBACK AWD,SUV: SMALL,3.6,6,AV6,X,12,8.7,10.5,247
2019,SUBARU,WRX AWD,COMPACT,2,4,AV8,Z,12.6,9.6,11.2,256
2019,SUBARU,WRX AWD,COMPACT,2,4,M6,Z,11.3,8.5,10,235
2019,SUBARU,WRX STI AWD,COMPACT,2.5,4,M6,Z,14.3,10.7,12.7,296
2019,TOYOTA,4RUNNER 4WD,SUV: STANDARD,4,6,AS5,X,14.3,11.9,13.2,308
2019,TOYOTA,4RUNNER 4WD (PART-TIME 4WD),SUV: STANDARD,4,6,AS5,X,14.3,11.9,13.2,308
2019,TOYOTA,86,MINICOMPACT,2,4,AS6,Z,9.9,7.3,8.7,204
2019,TOYOTA,86,MINICOMPACT,2,4,M6,Z,11.3,8.3,9.9,232
2019,TOYOTA,AVALON,MID-SIZE,3.5,6,AS8,X,10.9,7.6,9.4,220
2019,TOYOTA,CAMRY,MID-SIZE,2.5,4,AS8,X,8.1,5.7,6.9,164
2019,TOYOTA,CAMRY LE/SE,MID-SIZE,2.5,4,AS8,X,8.4,6.1,7.4,173
2019,TOYOTA,CAMRY XLE/XSE,MID-SIZE,2.5,4,AS8,X,8.5,6.2,7.5,175
2019,TOYOTA,CAMRY,MID-SIZE,3.5,6,AS8,X,10.5,7.1,9,210
2019,TOYOTA,CAMRY XSE,MID-SIZE,3.5,6,AS8,X,10.7,7.4,9.2,215
2019,TOYOTA,CAMRY HYBRID LE,MID-SIZE,2.5,4,AV6,X,4.9,4.8,4.9,113
2019,TOYOTA,CAMRY HYBRID XLE/SE,MID-SIZE,2.5,4,AV6,X,5.3,5,5.1,121
2019,TOYOTA,C-HR,COMPACT,2,4,AS7,X,8.7,7.5,8.2,189
2019,TOYOTA,COROLLA,MID-SIZE,1.8,4,AV,X,8.3,6.5,7.5,174
2019,TOYOTA,COROLLA,MID-SIZE,1.8,4,AV7,X,8.3,6.7,7.6,178
2019,TOYOTA,COROLLA,MID-SIZE,1.8,4,M6,X,8.5,6.6,7.6,178
2019,TOYOTA,COROLLA LE ECO,MID-SIZE,1.8,4,AV,X,7.8,5.9,6.9,163
2019,TOYOTA,COROLLA HATCHBACK,COMPACT,2,4,AV10,X,7.5,5.8,6.7,157
2019,TOYOTA,COROLLA HATCHBACK,COMPACT,2,4,M6,X,8.4,6.3,7.5,174
2019,TOYOTA,HIGHLANDER,SUV: SMALL,3.5,6,AS8,X,11.8,8.7,10.3,243
2019,TOYOTA,HIGHLANDER AWD,SUV: STANDARD,3.5,6,AS8,X,12.1,9,10.6,250
2019,TOYOTA,HIGHLANDER AWD (START/STOP SYSTEM),SUV: STANDARD,3.5,6,AS8,X,12,8.9,10.6,248
2019,TOYOTA,HIGHLANDER AWD LE,SUV: STANDARD,3.5,6,AS8,X,11.7,8.8,10.4,242
2019,TOYOTA,HIGHLANDER HYBRID AWD,SUV: STANDARD,3.5,6,AV6,X,8.1,8.5,8.3,193
2019,TOYOTA,PRIUS,MID-SIZE,1.8,4,AV,X,4.4,4.6,4.4,105
2019,TOYOTA,PRIUS AWD,MID-SIZE,1.8,4,AV,X,4.5,4.9,4.7,109
2019,TOYOTA,PRIUS C,COMPACT,1.5,4,AV,X,4.9,5.5,5.1,120
2019,TOYOTA,RAV4,SUV: SMALL,2.5,4,AS8,X,8.8,6.7,7.8,183
2019,TOYOTA,RAV4 AWD,SUV: SMALL,2.5,4,AS8,X,9.2,7.1,8.3,190
2019,TOYOTA,RAV4 HYBRID AWD,SUV: SMALL,2.5,4,AV6,X,5.8,6.3,6,140
2019,TOYOTA,SEQUOIA 4WD,SUV: STANDARD,5.7,8,AS6,X,18.4,13.8,16.4,384
2019,TOYOTA,SIENNA,MINIVAN,3.5,6,AS8,X,12.4,8.9,10.8,254
2019,TOYOTA,SIENNA AWD,MINIVAN,3.5,6,AS8,X,13.4,9.6,11.7,274
2019,TOYOTA,TACOMA,PICKUP TRUCK: SMALL,2.7,4,AS6,X,12.1,10.1,11.2,263
2019,TOYOTA,TACOMA 4WD,PICKUP TRUCK: SMALL,2.7,4,AS6,X,12.7,10.6,11.7,274
2019,TOYOTA,TACOMA 4WD,PICKUP TRUCK: SMALL,3.5,6,AS6,X,13,10.5,11.9,278
2019,TOYOTA,TACOMA 4WD,PICKUP TRUCK: SMALL,3.5,6,M6,X,13.8,11.4,12.7,299
2019,TOYOTA,TACOMA 4WD D-CAB OFF-ROAD,PICKUP TRUCK: SMALL,3.5,6,M6,X,13.8,11.7,12.9,300
2019,TOYOTA,TUNDRA,PICKUP TRUCK: STANDARD,5.7,8,AS6,X,17.7,13.6,15.9,371
2019,TOYOTA,TUNDRA 4WD,PICKUP TRUCK: STANDARD,4.6,8,AS6,X,16.8,13.1,14.9,354
2019,TOYOTA,TUNDRA 4WD,PICKUP TRUCK: STANDARD,5.7,8,AS6,X,18,14.1,16.3,382
2019,TOYOTA,YARIS,COMPACT,1.5,4,AS6,X,7.3,5.8,6.6,155
2019,TOYOTA,YARIS (SIL),COMPACT,1.5,4,M6,X,7.8,6,6.8,164
2019,TOYOTA,YARIS HATCHBACK,COMPACT,1.5,4,A4,X,7.9,6.8,7.4,173
2019,TOYOTA,YARIS HATCHBACK,COMPACT,1.5,4,M5,X,7.8,6.5,7.2,169
2019,VOLKSWAGEN,ARTEON 4MOTION,FULL-SIZE,2,4,AS8,Z,12,8.6,10.4,244
2019,VOLKSWAGEN,ATLAS,SUV: SMALL,2,4,AS8,X,11.6,9.1,10.5,245
2019,VOLKSWAGEN,ATLAS 4MOTION,SUV: STANDARD,3.6,6,AS8,X,13.8,10.2,12.2,286
2019,VOLKSWAGEN,BEETLE,COMPACT,2,4,AS6,X,9,7.1,8.2,191
2019,VOLKSWAGEN,BEETLE CONVERTIBLE,SUBCOMPACT,2,4,AS6,X,9,7.1,8.2,191
2019,VOLKSWAGEN,GOLF,COMPACT,1.4,4,AS8,X,8.1,6.4,7.4,172
2019,VOLKSWAGEN,GOLF,COMPACT,1.4,4,M6,X,8.2,6.3,7.4,172
2019,VOLKSWAGEN,GOLF GTI,COMPACT,2,4,AM7,X,9.6,7.5,8.6,202
2019,VOLKSWAGEN,GOLF GTI,COMPACT,2,4,M6,X,9.8,7.3,8.7,203
2019,VOLKSWAGEN,GOLF R,COMPACT,2,4,AM7,Z,10.2,7.9,9.2,213
2019,VOLKSWAGEN,GOLF R,COMPACT,2,4,M6,Z,11.4,8.2,9.9,232
2019,VOLKSWAGEN,GOLF ALLTRACK,STATION WAGON: SMALL,1.8,4,AM6,X,10.7,8,9.4,220
2019,VOLKSWAGEN,GOLF ALLTRACK,STATION WAGON: SMALL,1.8,4,M6,X,11.1,7.8,9.6,225
2019,VOLKSWAGEN,GOLF SPORTWAGEN,STATION WAGON: SMALL,1.4,4,AS8,X,8.6,6.5,7.6,178
2019,VOLKSWAGEN,GOLF SPORTWAGEN,STATION WAGON: SMALL,1.4,4,M6,X,8.2,6.3,7.4,172
2019,VOLKSWAGEN,GOLF SPORTWAGEN 4MOTION,STATION WAGON: SMALL,1.8,4,AM6,X,10.8,8.1,9.6,224
2019,VOLKSWAGEN,GOLF SPORTWAGEN 4MOTION,STATION WAGON: SMALL,1.8,4,M6,X,10.8,7.6,9.3,218
2019,VOLKSWAGEN,JETTA,COMPACT,1.4,4,AS8,X,7.8,5.9,7,163
2019,VOLKSWAGEN,JETTA,COMPACT,1.4,4,M6,X,7.9,5.9,7,163
2019,VOLKSWAGEN,JETTA GLI,COMPACT,2,4,AM7,X,9.3,7.2,8.4,196
2019,VOLKSWAGEN,JETTA GLI,COMPACT,2,4,M6,X,9.6,7.3,8.5,200
2019,VOLKSWAGEN,PASSAT,MID-SIZE,2,4,AS6,X,9.3,6.5,8.1,188
2019,VOLKSWAGEN,TIGUAN,SUV: SMALL,2,4,AS8,X,10.7,8,9.5,221
2019,VOLKSWAGEN,TIGUAN 4MOTION,SUV: SMALL,2,4,AS8,X,11.1,8.1,9.8,228
2019,VOLVO,S60 T5,COMPACT,2,4,AS8,Z,9.9,6.6,8.4,197
2019,VOLVO,S60 T6 AWD,COMPACT,2,4,AS8,Z,11.1,7.3,9.4,218
2019,VOLVO,S90 T5 AWD,MID-SIZE,2,4,AS8,Z,10.6,7.4,9.2,215
2019,VOLVO,S90 T6 AWD,MID-SIZE,2,4,AS8,Z,11.1,7.3,9.4,219
2019,VOLVO,V60 T5,STATION WAGON: SMALL,2,4,AS8,Z,9.9,6.6,8.4,197
2019,VOLVO,V60 T6 AWD,STATION WAGON: SMALL,2,4,AS8,Z,11.1,7.3,9.4,219
2019,VOLVO,V60 CC T5 AWD,STATION WAGON: SMALL,2,4,AS8,Z,10.8,7.6,9.3,218
2019,VOLVO,V90 T6 AWD,STATION WAGON: MID-SIZE,2,4,AS8,Z,11.1,7.3,9.4,219
2019,VOLVO,V90 CC T6 AWD,STATION WAGON: MID-SIZE,2,4,AS8,Z,11.6,8.1,10,233
2019,VOLVO,XC40 T5 AWD,SUV: SMALL,2,4,AS8,Z,10.3,7.5,9,211
2019,VOLVO,XC60 T5 AWD,SUV: SMALL,2,4,AS8,Z,11.3,8.5,10,233
2019,VOLVO,XC60 T6 AWD,SUV: SMALL,2,4,AS8,Z,11.8,8.6,10.4,242
2019,VOLVO,XC90 T5 AWD,SUV: STANDARD,2,4,AS8,Z,11.3,8.5,10,233
2019,VOLVO,XC90 T6 AWD,SUV: STANDARD,2,4,AS8,Z,12.1,8.9,10.7,250
